--- LoadPolicies at 2026-01-28T23:24:04Z ---
Total policies: 7
ID: 23, Name: 기밀 문서 탐지, Pattern: CONFIDENTIAL, Enabled: true, Compiled: true
ID: 24, Name: 민감 데이터 탐지, Pattern: INTERNAL_ONLY, Enabled: true, Compiled: true
ID: 25, Name: 이메일 마스킹, Pattern: [a-zA-Z0-9._%+-]+@[a-zA-Z0-9.-]+\\.[a-zA-Z]{2,}, Enabled: true, Compiled: true
ID: 26, Name: 전화번호 마스킹, Pattern: (?:\\+\d{1,3}[ -]?)?(?:\\(\d{1,4}\\)[ -]?)?(?:\d[ -]?){6,15}\d, Enabled: true, Compiled: true
ID: 27, Name: Universal API Key Detection, Pattern: [a-zA-Z0-9_\\-]{32,}, Enabled: true, Compiled: true
ID: 28, Name: MyShop Internal Code, Pattern: MYSHOP_INTERNAL, Enabled: true, Compiled: true
ID: 65, Name: Universal API Key Detection, Pattern: (?i)(?:sk_live_[0-9a-zA-Z]{24,}), Enabled: true, Compiled: true
--------------------------------
--- LoadPolicies at 2026-01-28T23:24:19Z ---
Total policies: 8
ID: 23, Name: 기밀 문서 탐지, Pattern: CONFIDENTIAL, Enabled: true, Compiled: true
ID: 24, Name: 민감 데이터 탐지, Pattern: INTERNAL_ONLY, Enabled: true, Compiled: true
ID: 25, Name: 이메일 마스킹, Pattern: [a-zA-Z0-9._%+-]+@[a-zA-Z0-9.-]+\\.[a-zA-Z]{2,}, Enabled: true, Compiled: true
ID: 26, Name: 전화번호 마스킹, Pattern: (?:\\+\d{1,3}[ -]?)?(?:\\(\d{1,4}\\)[ -]?)?(?:\d[ -]?){6,15}\d, Enabled: true, Compiled: true
ID: 27, Name: Universal API Key Detection, Pattern: [a-zA-Z0-9_\\-]{32,}, Enabled: true, Compiled: true
ID: 28, Name: MyShop Internal Code, Pattern: MYSHOP_INTERNAL, Enabled: true, Compiled: true
ID: 65, Name: Universal API Key Detection, Pattern: (?i)(?:sk_live_[0-9a-zA-Z]{24,}), Enabled: true, Compiled: true
ID: 66, Name: Universal API Key Detection, Pattern: (?i)(?:sk_live_[0-9a-zA-Z]{24,}), Enabled: true, Compiled: true
--------------------------------
--- LoadPolicies at 2026-01-28T23:25:47Z ---
Total policies: 9
ID: 23, Name: 기밀 문서 탐지, Pattern: CONFIDENTIAL, Enabled: true, Compiled: true
ID: 24, Name: 민감 데이터 탐지, Pattern: INTERNAL_ONLY, Enabled: true, Compiled: true
ID: 25, Name: 이메일 마스킹, Pattern: [a-zA-Z0-9._%+-]+@[a-zA-Z0-9.-]+\\.[a-zA-Z]{2,}, Enabled: true, Compiled: true
ID: 26, Name: 전화번호 마스킹, Pattern: (?:\\+\d{1,3}[ -]?)?(?:\\(\d{1,4}\\)[ -]?)?(?:\d[ -]?){6,15}\d, Enabled: true, Compiled: true
ID: 27, Name: Universal API Key Detection, Pattern: [a-zA-Z0-9_\\-]{32,}, Enabled: true, Compiled: true
ID: 28, Name: MyShop Internal Code, Pattern: MYSHOP_INTERNAL, Enabled: true, Compiled: true
ID: 65, Name: Universal API Key Detection, Pattern: (?i)(?:sk_live_[0-9a-zA-Z]{24,}), Enabled: true, Compiled: true
ID: 66, Name: Universal API Key Detection, Pattern: (?i)(?:sk_live_[0-9a-zA-Z]{24,}), Enabled: true, Compiled: true
ID: 67, Name: Universal API Key Detection, Pattern: (?i)(?:sk_live_[0-9a-zA-Z]{24,}), Enabled: true, Compiled: true
--------------------------------
--- LoadPolicies at 2026-01-28T23:28:03Z ---
Total policies: 9
ID: 23, Name: 기밀 문서 탐지, Pattern: CONFIDENTIAL, Enabled: true, Compiled: true
ID: 24, Name: 민감 데이터 탐지, Pattern: INTERNAL_ONLY, Enabled: true, Compiled: true
ID: 25, Name: 이메일 마스킹, Pattern: [a-zA-Z0-9._%+-]+@[a-zA-Z0-9.-]+\\.[a-zA-Z]{2,}, Enabled: true, Compiled: true
ID: 26, Name: 전화번호 마스킹, Pattern: (?:\\+\d{1,3}[ -]?)?(?:\\(\d{1,4}\\)[ -]?)?(?:\d[ -]?){6,15}\d, Enabled: true, Compiled: true
ID: 27, Name: Universal API Key Detection, Pattern: [a-zA-Z0-9_\\-]{32,}, Enabled: true, Compiled: true
ID: 28, Name: MyShop Internal Code, Pattern: MYSHOP_INTERNAL, Enabled: true, Compiled: true
ID: 65, Name: Universal API Key Detection, Pattern: (?i)(?:sk_live_[0-9a-zA-Z]{24,}), Enabled: true, Compiled: true
ID: 66, Name: Universal API Key Detection, Pattern: (?i)(?:sk_live_[0-9a-zA-Z]{24,}), Enabled: true, Compiled: true
ID: 67, Name: Universal API Key Detection, Pattern: (?i)(?:sk_live_[0-9a-zA-Z]{24,}), Enabled: true, Compiled: true
--------------------------------
--- LoadPolicies at 2026-01-28T23:28:17Z ---
Total policies: 10
ID: 23, Name: 기밀 문서 탐지, Pattern: CONFIDENTIAL, Enabled: true, Compiled: true
ID: 24, Name: 민감 데이터 탐지, Pattern: INTERNAL_ONLY, Enabled: true, Compiled: true
ID: 25, Name: 이메일 마스킹, Pattern: [a-zA-Z0-9._%+-]+@[a-zA-Z0-9.-]+\\.[a-zA-Z]{2,}, Enabled: true, Compiled: true
ID: 26, Name: 전화번호 마스킹, Pattern: (?:\\+\d{1,3}[ -]?)?(?:\\(\d{1,4}\\)[ -]?)?(?:\d[ -]?){6,15}\d, Enabled: true, Compiled: true
ID: 27, Name: Universal API Key Detection, Pattern: [a-zA-Z0-9_\\-]{32,}, Enabled: true, Compiled: true
ID: 28, Name: MyShop Internal Code, Pattern: MYSHOP_INTERNAL, Enabled: true, Compiled: true
ID: 65, Name: Universal API Key Detection, Pattern: (?i)(?:sk_live_[0-9a-zA-Z]{24,}), Enabled: true, Compiled: true
ID: 66, Name: Universal API Key Detection, Pattern: (?i)(?:sk_live_[0-9a-zA-Z]{24,}), Enabled: true, Compiled: true
ID: 67, Name: Universal API Key Detection, Pattern: (?i)(?:sk_live_[0-9a-zA-Z]{24,}), Enabled: true, Compiled: true
ID: 68, Name: Universal API Key Detection, Pattern: (?i)(?:sk_live_[0-9a-zA-Z]{24,}), Enabled: true, Compiled: true
--------------------------------
--- LoadPolicies at 2026-01-28T23:33:45Z ---
Total policies: 10
ID: 23, Name: 기밀 문서 탐지, Pattern: CONFIDENTIAL, Enabled: true, Compiled: true
ID: 24, Name: 민감 데이터 탐지, Pattern: INTERNAL_ONLY, Enabled: true, Compiled: true
ID: 25, Name: 이메일 마스킹, Pattern: [a-zA-Z0-9._%+-]+@[a-zA-Z0-9.-]+\\.[a-zA-Z]{2,}, Enabled: true, Compiled: true
ID: 26, Name: 전화번호 마스킹, Pattern: (?:\\+\d{1,3}[ -]?)?(?:\\(\d{1,4}\\)[ -]?)?(?:\d[ -]?){6,15}\d, Enabled: true, Compiled: true
ID: 27, Name: Universal API Key Detection, Pattern: [a-zA-Z0-9_\\-]{32,}, Enabled: true, Compiled: true
ID: 28, Name: MyShop Internal Code, Pattern: MYSHOP_INTERNAL, Enabled: true, Compiled: true
ID: 65, Name: Universal API Key Detection, Pattern: (?i)(?:sk_live_[0-9a-zA-Z]{24,}), Enabled: true, Compiled: true
ID: 66, Name: Universal API Key Detection, Pattern: (?i)(?:sk_live_[0-9a-zA-Z]{24,}), Enabled: true, Compiled: true
ID: 67, Name: Universal API Key Detection, Pattern: (?i)(?:sk_live_[0-9a-zA-Z]{24,}), Enabled: true, Compiled: true
ID: 68, Name: Universal API Key Detection, Pattern: (?i)(?:sk_live_[0-9a-zA-Z]{24,}), Enabled: true, Compiled: true
--------------------------------
--- LoadPolicies at 2026-01-28T23:34:02Z ---
Total policies: 11
ID: 23, Name: 기밀 문서 탐지, Pattern: CONFIDENTIAL, Enabled: true, Compiled: true
ID: 24, Name: 민감 데이터 탐지, Pattern: INTERNAL_ONLY, Enabled: true, Compiled: true
ID: 25, Name: 이메일 마스킹, Pattern: [a-zA-Z0-9._%+-]+@[a-zA-Z0-9.-]+\\.[a-zA-Z]{2,}, Enabled: true, Compiled: true
ID: 26, Name: 전화번호 마스킹, Pattern: (?:\\+\d{1,3}[ -]?)?(?:\\(\d{1,4}\\)[ -]?)?(?:\d[ -]?){6,15}\d, Enabled: true, Compiled: true
ID: 27, Name: Universal API Key Detection, Pattern: [a-zA-Z0-9_\\-]{32,}, Enabled: true, Compiled: true
ID: 28, Name: MyShop Internal Code, Pattern: MYSHOP_INTERNAL, Enabled: true, Compiled: true
ID: 65, Name: Universal API Key Detection, Pattern: (?i)(?:sk_live_[0-9a-zA-Z]{24,}), Enabled: true, Compiled: true
ID: 66, Name: Universal API Key Detection, Pattern: (?i)(?:sk_live_[0-9a-zA-Z]{24,}), Enabled: true, Compiled: true
ID: 67, Name: Universal API Key Detection, Pattern: (?i)(?:sk_live_[0-9a-zA-Z]{24,}), Enabled: true, Compiled: true
ID: 68, Name: Universal API Key Detection, Pattern: (?i)(?:sk_live_[0-9a-zA-Z]{24,}), Enabled: true, Compiled: true
ID: 69, Name: Universal API Key Detection, Pattern: (?i)(?:sk_live_[0-9a-zA-Z]{24,}), Enabled: true, Compiled: true
--------------------------------
--- LoadPolicies at 2026-01-28T23:34:21Z ---
Total policies: 12
ID: 23, Name: 기밀 문서 탐지, Pattern: CONFIDENTIAL, Enabled: true, Compiled: true
ID: 24, Name: 민감 데이터 탐지, Pattern: INTERNAL_ONLY, Enabled: true, Compiled: true
ID: 25, Name: 이메일 마스킹, Pattern: [a-zA-Z0-9._%+-]+@[a-zA-Z0-9.-]+\\.[a-zA-Z]{2,}, Enabled: true, Compiled: true
ID: 26, Name: 전화번호 마스킹, Pattern: (?:\\+\d{1,3}[ -]?)?(?:\\(\d{1,4}\\)[ -]?)?(?:\d[ -]?){6,15}\d, Enabled: true, Compiled: true
ID: 27, Name: Universal API Key Detection, Pattern: [a-zA-Z0-9_\\-]{32,}, Enabled: true, Compiled: true
ID: 28, Name: MyShop Internal Code, Pattern: MYSHOP_INTERNAL, Enabled: true, Compiled: true
ID: 65, Name: Universal API Key Detection, Pattern: (?i)(?:sk_live_[0-9a-zA-Z]{24,}), Enabled: true, Compiled: true
ID: 66, Name: Universal API Key Detection, Pattern: (?i)(?:sk_live_[0-9a-zA-Z]{24,}), Enabled: true, Compiled: true
ID: 67, Name: Universal API Key Detection, Pattern: (?i)(?:sk_live_[0-9a-zA-Z]{24,}), Enabled: true, Compiled: true
ID: 68, Name: Universal API Key Detection, Pattern: (?i)(?:sk_live_[0-9a-zA-Z]{24,}), Enabled: true, Compiled: true
ID: 69, Name: Universal API Key Detection, Pattern: (?i)(?:sk_live_[0-9a-zA-Z]{24,}), Enabled: true, Compiled: true
ID: 70, Name: Universal API Key Detection, Pattern: (?i)(?:sk_live_[0-9a-zA-Z]{24,}), Enabled: true, Compiled: true
--------------------------------
--- LoadPolicies at 2026-01-28T23:48:46Z ---
Total policies: 12
ID: 23, Name: 기밀 문서 탐지, Severity: CRITICAL, Pattern: CONFIDENTIAL
ID: 27, Name: Universal API Key Detection, Severity: CRITICAL, Pattern: [a-zA-Z0-9_\\-]{32,}
ID: 65, Name: Universal API Key Detection, Severity: CRITICAL, Pattern: (?i)(?:sk_live_[0-9a-zA-Z]{24,})
ID: 66, Name: Universal API Key Detection, Severity: CRITICAL, Pattern: (?i)(?:sk_live_[0-9a-zA-Z]{24,})
ID: 67, Name: Universal API Key Detection, Severity: CRITICAL, Pattern: (?i)(?:sk_live_[0-9a-zA-Z]{24,})
ID: 68, Name: Universal API Key Detection, Severity: CRITICAL, Pattern: (?i)(?:sk_live_[0-9a-zA-Z]{24,})
ID: 69, Name: Universal API Key Detection, Severity: CRITICAL, Pattern: (?i)(?:sk_live_[0-9a-zA-Z]{24,})
ID: 70, Name: Universal API Key Detection, Severity: CRITICAL, Pattern: (?i)(?:sk_live_[0-9a-zA-Z]{24,})
ID: 24, Name: 민감 데이터 탐지, Severity: WARNING, Pattern: INTERNAL_ONLY
ID: 28, Name: MyShop Internal Code, Severity: WARNING, Pattern: MYSHOP_INTERNAL
ID: 25, Name: 이메일 마스킹, Severity: INFO, Pattern: [a-zA-Z0-9._%+-]+@[a-zA-Z0-9.-]+\\.[a-zA-Z]{2,}
ID: 26, Name: 전화번호 마스킹, Severity: INFO, Pattern: (?:\\+\d{1,3}[ -]?)?(?:\\(\d{1,4}\\)[ -]?)?(?:\d[ -]?){6,15}\d
--------------------------------
--- LoadPolicies at 2026-01-28T23:50:13Z ---
Total policies: 13
ID: 23, Name: 기밀 문서 탐지, Severity: CRITICAL, Pattern: CONFIDENTIAL
ID: 27, Name: Universal API Key Detection, Severity: CRITICAL, Pattern: [a-zA-Z0-9_\\-]{32,}
ID: 65, Name: Universal API Key Detection, Severity: CRITICAL, Pattern: (?i)(?:sk_live_[0-9a-zA-Z]{24,})
ID: 66, Name: Universal API Key Detection, Severity: CRITICAL, Pattern: (?i)(?:sk_live_[0-9a-zA-Z]{24,})
ID: 67, Name: Universal API Key Detection, Severity: CRITICAL, Pattern: (?i)(?:sk_live_[0-9a-zA-Z]{24,})
ID: 68, Name: Universal API Key Detection, Severity: CRITICAL, Pattern: (?i)(?:sk_live_[0-9a-zA-Z]{24,})
ID: 69, Name: Universal API Key Detection, Severity: CRITICAL, Pattern: (?i)(?:sk_live_[0-9a-zA-Z]{24,})
ID: 70, Name: Universal API Key Detection, Severity: CRITICAL, Pattern: (?i)(?:sk_live_[0-9a-zA-Z]{24,})
ID: 71, Name: Universal API Key Detection, Severity: CRITICAL, Pattern: (?i)(?:sk_live_[0-9a-zA-Z]{24,})
ID: 24, Name: 민감 데이터 탐지, Severity: WARNING, Pattern: INTERNAL_ONLY
ID: 28, Name: MyShop Internal Code, Severity: WARNING, Pattern: MYSHOP_INTERNAL
ID: 25, Name: 이메일 마스킹, Severity: INFO, Pattern: [a-zA-Z0-9._%+-]+@[a-zA-Z0-9.-]+\\.[a-zA-Z]{2,}
ID: 26, Name: 전화번호 마스킹, Severity: INFO, Pattern: (?:\\+\d{1,3}[ -]?)?(?:\\(\d{1,4}\\)[ -]?)?(?:\d[ -]?){6,15}\d
--------------------------------
--- LoadPolicies at 2026-01-29T00:19:05Z ---
Total policies: 14
ID: 23, Name: 기밀 문서 탐지, Severity: CRITICAL, Pattern: CONFIDENTIAL
ID: 27, Name: Universal API Key Detection, Severity: CRITICAL, Pattern: [a-zA-Z0-9_\\-]{32,}
ID: 65, Name: Universal API Key Detection, Severity: CRITICAL, Pattern: (?i)(?:sk_live_[0-9a-zA-Z]{24,})
ID: 66, Name: Universal API Key Detection, Severity: CRITICAL, Pattern: (?i)(?:sk_live_[0-9a-zA-Z]{24,})
ID: 67, Name: Universal API Key Detection, Severity: CRITICAL, Pattern: (?i)(?:sk_live_[0-9a-zA-Z]{24,})
ID: 68, Name: Universal API Key Detection, Severity: CRITICAL, Pattern: (?i)(?:sk_live_[0-9a-zA-Z]{24,})
ID: 69, Name: Universal API Key Detection, Severity: CRITICAL, Pattern: (?i)(?:sk_live_[0-9a-zA-Z]{24,})
ID: 70, Name: Universal API Key Detection, Severity: CRITICAL, Pattern: (?i)(?:sk_live_[0-9a-zA-Z]{24,})
ID: 71, Name: Universal API Key Detection, Severity: CRITICAL, Pattern: (?i)(?:sk_live_[0-9a-zA-Z]{24,})
ID: 24, Name: 민감 데이터 탐지, Severity: WARNING, Pattern: INTERNAL_ONLY
ID: 28, Name: MyShop Internal Code, Severity: WARNING, Pattern: MYSHOP_INTERNAL
ID: 25, Name: 이메일 마스킹, Severity: INFO, Pattern: [a-zA-Z0-9._%+-]+@[a-zA-Z0-9.-]+\\.[a-zA-Z]{2,}
ID: 26, Name: 전화번호 마스킹, Severity: INFO, Pattern: (?:\\+\d{1,3}[ -]?)?(?:\\(\d{1,4}\\)[ -]?)?(?:\d[ -]?){6,15}\d
ID: 72, Name: test123, Severity: INFO, Pattern: test123
--------------------------------
--- LoadPolicies at 2026-01-29T00:19:33Z ---
Total policies: 13
ID: 23, Name: 기밀 문서 탐지, Severity: CRITICAL, Pattern: CONFIDENTIAL
ID: 27, Name: Universal API Key Detection, Severity: CRITICAL, Pattern: [a-zA-Z0-9_\\-]{32,}
ID: 65, Name: Universal API Key Detection, Severity: CRITICAL, Pattern: (?i)(?:sk_live_[0-9a-zA-Z]{24,})
ID: 66, Name: Universal API Key Detection, Severity: CRITICAL, Pattern: (?i)(?:sk_live_[0-9a-zA-Z]{24,})
ID: 67, Name: Universal API Key Detection, Severity: CRITICAL, Pattern: (?i)(?:sk_live_[0-9a-zA-Z]{24,})
ID: 68, Name: Universal API Key Detection, Severity: CRITICAL, Pattern: (?i)(?:sk_live_[0-9a-zA-Z]{24,})
ID: 69, Name: Universal API Key Detection, Severity: CRITICAL, Pattern: (?i)(?:sk_live_[0-9a-zA-Z]{24,})
ID: 70, Name: Universal API Key Detection, Severity: CRITICAL, Pattern: (?i)(?:sk_live_[0-9a-zA-Z]{24,})
ID: 71, Name: Universal API Key Detection, Severity: CRITICAL, Pattern: (?i)(?:sk_live_[0-9a-zA-Z]{24,})
ID: 24, Name: 민감 데이터 탐지, Severity: WARNING, Pattern: INTERNAL_ONLY
ID: 28, Name: MyShop Internal Code, Severity: WARNING, Pattern: MYSHOP_INTERNAL
ID: 25, Name: 이메일 마스킹, Severity: INFO, Pattern: [a-zA-Z0-9._%+-]+@[a-zA-Z0-9.-]+\\.[a-zA-Z]{2,}
ID: 26, Name: 전화번호 마스킹, Severity: INFO, Pattern: (?:\\+\d{1,3}[ -]?)?(?:\\(\d{1,4}\\)[ -]?)?(?:\d[ -]?){6,15}\d
--------------------------------
--- LoadPolicies at 2026-01-29T00:19:47Z ---
Total policies: 14
ID: 23, Name: 기밀 문서 탐지, Severity: CRITICAL, Pattern: CONFIDENTIAL
ID: 27, Name: Universal API Key Detection, Severity: CRITICAL, Pattern: [a-zA-Z0-9_\\-]{32,}
ID: 65, Name: Universal API Key Detection, Severity: CRITICAL, Pattern: (?i)(?:sk_live_[0-9a-zA-Z]{24,})
ID: 66, Name: Universal API Key Detection, Severity: CRITICAL, Pattern: (?i)(?:sk_live_[0-9a-zA-Z]{24,})
ID: 67, Name: Universal API Key Detection, Severity: CRITICAL, Pattern: (?i)(?:sk_live_[0-9a-zA-Z]{24,})
ID: 68, Name: Universal API Key Detection, Severity: CRITICAL, Pattern: (?i)(?:sk_live_[0-9a-zA-Z]{24,})
ID: 69, Name: Universal API Key Detection, Severity: CRITICAL, Pattern: (?i)(?:sk_live_[0-9a-zA-Z]{24,})
ID: 70, Name: Universal API Key Detection, Severity: CRITICAL, Pattern: (?i)(?:sk_live_[0-9a-zA-Z]{24,})
ID: 71, Name: Universal API Key Detection, Severity: CRITICAL, Pattern: (?i)(?:sk_live_[0-9a-zA-Z]{24,})
ID: 24, Name: 민감 데이터 탐지, Severity: WARNING, Pattern: INTERNAL_ONLY
ID: 28, Name: MyShop Internal Code, Severity: WARNING, Pattern: MYSHOP_INTERNAL
ID: 25, Name: 이메일 마스킹, Severity: INFO, Pattern: [a-zA-Z0-9._%+-]+@[a-zA-Z0-9.-]+\\.[a-zA-Z]{2,}
ID: 26, Name: 전화번호 마스킹, Severity: INFO, Pattern: (?:\\+\d{1,3}[ -]?)?(?:\\(\d{1,4}\\)[ -]?)?(?:\d[ -]?){6,15}\d
ID: 73, Name: test123, Severity: INFO, Pattern: test123
--------------------------------
--- LoadPolicies at 2026-01-29T00:39:59Z ---
Total policies: 13
ID: 23, Name: 기밀 문서 탐지, Severity: CRITICAL, Pattern: CONFIDENTIAL
ID: 27, Name: Universal API Key Detection, Severity: CRITICAL, Pattern: [a-zA-Z0-9_\\-]{32,}
ID: 65, Name: Universal API Key Detection, Severity: CRITICAL, Pattern: (?i)(?:sk_live_[0-9a-zA-Z]{24,})
ID: 66, Name: Universal API Key Detection, Severity: CRITICAL, Pattern: (?i)(?:sk_live_[0-9a-zA-Z]{24,})
ID: 67, Name: Universal API Key Detection, Severity: CRITICAL, Pattern: (?i)(?:sk_live_[0-9a-zA-Z]{24,})
ID: 68, Name: Universal API Key Detection, Severity: CRITICAL, Pattern: (?i)(?:sk_live_[0-9a-zA-Z]{24,})
ID: 69, Name: Universal API Key Detection, Severity: CRITICAL, Pattern: (?i)(?:sk_live_[0-9a-zA-Z]{24,})
ID: 70, Name: Universal API Key Detection, Severity: CRITICAL, Pattern: (?i)(?:sk_live_[0-9a-zA-Z]{24,})
ID: 71, Name: Universal API Key Detection, Severity: CRITICAL, Pattern: (?i)(?:sk_live_[0-9a-zA-Z]{24,})
ID: 24, Name: 민감 데이터 탐지, Severity: WARNING, Pattern: INTERNAL_ONLY
ID: 28, Name: MyShop Internal Code, Severity: WARNING, Pattern: MYSHOP_INTERNAL
ID: 25, Name: 이메일 마스킹, Severity: INFO, Pattern: [a-zA-Z0-9._%+-]+@[a-zA-Z0-9.-]+\\.[a-zA-Z]{2,}
ID: 26, Name: 전화번호 마스킹, Severity: INFO, Pattern: (?:\\+\d{1,3}[ -]?)?(?:\\(\d{1,4}\\)[ -]?)?(?:\d[ -]?){6,15}\d
--------------------------------
--- LoadPolicies at 2026-01-29T06:08:04Z ---
Total policies: 13
ID: 23, Name: 기밀 문서 탐지, Severity: CRITICAL, Pattern: CONFIDENTIAL
ID: 27, Name: Universal API Key Detection, Severity: CRITICAL, Pattern: [a-zA-Z0-9_\\-]{32,}
ID: 65, Name: Universal API Key Detection, Severity: CRITICAL, Pattern: (?i)(?:sk_live_[0-9a-zA-Z]{24,})
ID: 66, Name: Universal API Key Detection, Severity: CRITICAL, Pattern: (?i)(?:sk_live_[0-9a-zA-Z]{24,})
ID: 67, Name: Universal API Key Detection, Severity: CRITICAL, Pattern: (?i)(?:sk_live_[0-9a-zA-Z]{24,})
ID: 68, Name: Universal API Key Detection, Severity: CRITICAL, Pattern: (?i)(?:sk_live_[0-9a-zA-Z]{24,})
ID: 69, Name: Universal API Key Detection, Severity: CRITICAL, Pattern: (?i)(?:sk_live_[0-9a-zA-Z]{24,})
ID: 70, Name: Universal API Key Detection, Severity: CRITICAL, Pattern: (?i)(?:sk_live_[0-9a-zA-Z]{24,})
ID: 71, Name: Universal API Key Detection, Severity: CRITICAL, Pattern: (?i)(?:sk_live_[0-9a-zA-Z]{24,})
ID: 24, Name: 민감 데이터 탐지, Severity: WARNING, Pattern: INTERNAL_ONLY
ID: 28, Name: MyShop Internal Code, Severity: WARNING, Pattern: MYSHOP_INTERNAL
ID: 25, Name: 이메일 마스킹, Severity: INFO, Pattern: [a-zA-Z0-9._%+-]+@[a-zA-Z0-9.-]+\\.[a-zA-Z]{2,}
ID: 26, Name: 전화번호 마스킹, Severity: INFO, Pattern: (?:\\+\d{1,3}[ -]?)?(?:\\(\d{1,4}\\)[ -]?)?(?:\d[ -]?){6,15}\d
--------------------------------
--- LoadPolicies at 2026-01-29T06:25:31Z ---
Total policies: 13
ID: 23, Name: 기밀 문서 탐지, Severity: CRITICAL, Pattern: CONFIDENTIAL
ID: 27, Name: Universal API Key Detection, Severity: CRITICAL, Pattern: [a-zA-Z0-9_\\-]{32,}
ID: 65, Name: Universal API Key Detection, Severity: CRITICAL, Pattern: (?i)(?:sk_live_[0-9a-zA-Z]{24,})
ID: 66, Name: Universal API Key Detection, Severity: CRITICAL, Pattern: (?i)(?:sk_live_[0-9a-zA-Z]{24,})
ID: 67, Name: Universal API Key Detection, Severity: CRITICAL, Pattern: (?i)(?:sk_live_[0-9a-zA-Z]{24,})
ID: 68, Name: Universal API Key Detection, Severity: CRITICAL, Pattern: (?i)(?:sk_live_[0-9a-zA-Z]{24,})
ID: 69, Name: Universal API Key Detection, Severity: CRITICAL, Pattern: (?i)(?:sk_live_[0-9a-zA-Z]{24,})
ID: 70, Name: Universal API Key Detection, Severity: CRITICAL, Pattern: (?i)(?:sk_live_[0-9a-zA-Z]{24,})
ID: 71, Name: Universal API Key Detection, Severity: CRITICAL, Pattern: (?i)(?:sk_live_[0-9a-zA-Z]{24,})
ID: 24, Name: 민감 데이터 탐지, Severity: WARNING, Pattern: INTERNAL_ONLY
ID: 28, Name: MyShop Internal Code, Severity: WARNING, Pattern: MYSHOP_INTERNAL
ID: 25, Name: 이메일 마스킹, Severity: INFO, Pattern: [a-zA-Z0-9._%+-]+@[a-zA-Z0-9.-]+\\.[a-zA-Z]{2,}
ID: 26, Name: 전화번호 마스킹, Severity: INFO, Pattern: (?:\\+\d{1,3}[ -]?)?(?:\\(\d{1,4}\\)[ -]?)?(?:\d[ -]?){6,15}\d
--------------------------------
--- LoadPolicies at 2026-01-29T06:31:15Z ---
Total policies: 13
ID: 23, Name: 기밀 문서 탐지, Severity: CRITICAL, Pattern: CONFIDENTIAL
ID: 27, Name: Universal API Key Detection, Severity: CRITICAL, Pattern: [a-zA-Z0-9_\\-]{32,}
ID: 65, Name: Universal API Key Detection, Severity: CRITICAL, Pattern: (?i)(?:sk_live_[0-9a-zA-Z]{24,})
ID: 66, Name: Universal API Key Detection, Severity: CRITICAL, Pattern: (?i)(?:sk_live_[0-9a-zA-Z]{24,})
ID: 67, Name: Universal API Key Detection, Severity: CRITICAL, Pattern: (?i)(?:sk_live_[0-9a-zA-Z]{24,})
ID: 68, Name: Universal API Key Detection, Severity: CRITICAL, Pattern: (?i)(?:sk_live_[0-9a-zA-Z]{24,})
ID: 69, Name: Universal API Key Detection, Severity: CRITICAL, Pattern: (?i)(?:sk_live_[0-9a-zA-Z]{24,})
ID: 70, Name: Universal API Key Detection, Severity: CRITICAL, Pattern: (?i)(?:sk_live_[0-9a-zA-Z]{24,})
ID: 71, Name: Universal API Key Detection, Severity: CRITICAL, Pattern: (?i)(?:sk_live_[0-9a-zA-Z]{24,})
ID: 24, Name: 민감 데이터 탐지, Severity: WARNING, Pattern: INTERNAL_ONLY
ID: 28, Name: MyShop Internal Code, Severity: WARNING, Pattern: MYSHOP_INTERNAL
ID: 25, Name: 이메일 마스킹, Severity: INFO, Pattern: [a-zA-Z0-9._%+-]+@[a-zA-Z0-9.-]+\\.[a-zA-Z]{2,}
ID: 26, Name: 전화번호 마스킹, Severity: INFO, Pattern: (?:\\+\d{1,3}[ -]?)?(?:\\(\d{1,4}\\)[ -]?)?(?:\d[ -]?){6,15}\d
--------------------------------
--- LoadPolicies at 2026-01-29T06:35:52Z ---
Total policies: 13
ID: 23, Name: 기밀 문서 탐지, Severity: CRITICAL, Pattern: CONFIDENTIAL
ID: 27, Name: Universal API Key Detection, Severity: CRITICAL, Pattern: [a-zA-Z0-9_\\-]{32,}
ID: 65, Name: Universal API Key Detection, Severity: CRITICAL, Pattern: (?i)(?:sk_live_[0-9a-zA-Z]{24,})
ID: 66, Name: Universal API Key Detection, Severity: CRITICAL, Pattern: (?i)(?:sk_live_[0-9a-zA-Z]{24,})
ID: 67, Name: Universal API Key Detection, Severity: CRITICAL, Pattern: (?i)(?:sk_live_[0-9a-zA-Z]{24,})
ID: 68, Name: Universal API Key Detection, Severity: CRITICAL, Pattern: (?i)(?:sk_live_[0-9a-zA-Z]{24,})
ID: 69, Name: Universal API Key Detection, Severity: CRITICAL, Pattern: (?i)(?:sk_live_[0-9a-zA-Z]{24,})
ID: 70, Name: Universal API Key Detection, Severity: CRITICAL, Pattern: (?i)(?:sk_live_[0-9a-zA-Z]{24,})
ID: 71, Name: Universal API Key Detection, Severity: CRITICAL, Pattern: (?i)(?:sk_live_[0-9a-zA-Z]{24,})
ID: 24, Name: 민감 데이터 탐지, Severity: WARNING, Pattern: INTERNAL_ONLY
ID: 28, Name: MyShop Internal Code, Severity: WARNING, Pattern: MYSHOP_INTERNAL
ID: 25, Name: 이메일 마스킹, Severity: INFO, Pattern: [a-zA-Z0-9._%+-]+@[a-zA-Z0-9.-]+\\.[a-zA-Z]{2,}
ID: 26, Name: 전화번호 마스킹, Severity: INFO, Pattern: (?:\\+\d{1,3}[ -]?)?(?:\\(\d{1,4}\\)[ -]?)?(?:\d[ -]?){6,15}\d
--------------------------------
--- LoadPolicies at 2026-01-29T06:41:49Z ---
Total policies: 13
ID: 23, Name: 기밀 문서 탐지, Severity: CRITICAL, Pattern: CONFIDENTIAL
ID: 27, Name: Universal API Key Detection, Severity: CRITICAL, Pattern: [a-zA-Z0-9_\\-]{32,}
ID: 65, Name: Universal API Key Detection, Severity: CRITICAL, Pattern: (?i)(?:sk_live_[0-9a-zA-Z]{24,})
ID: 66, Name: Universal API Key Detection, Severity: CRITICAL, Pattern: (?i)(?:sk_live_[0-9a-zA-Z]{24,})
ID: 67, Name: Universal API Key Detection, Severity: CRITICAL, Pattern: (?i)(?:sk_live_[0-9a-zA-Z]{24,})
ID: 68, Name: Universal API Key Detection, Severity: CRITICAL, Pattern: (?i)(?:sk_live_[0-9a-zA-Z]{24,})
ID: 69, Name: Universal API Key Detection, Severity: CRITICAL, Pattern: (?i)(?:sk_live_[0-9a-zA-Z]{24,})
ID: 70, Name: Universal API Key Detection, Severity: CRITICAL, Pattern: (?i)(?:sk_live_[0-9a-zA-Z]{24,})
ID: 71, Name: Universal API Key Detection, Severity: CRITICAL, Pattern: (?i)(?:sk_live_[0-9a-zA-Z]{24,})
ID: 24, Name: 민감 데이터 탐지, Severity: WARNING, Pattern: INTERNAL_ONLY
ID: 28, Name: MyShop Internal Code, Severity: WARNING, Pattern: MYSHOP_INTERNAL
ID: 25, Name: 이메일 마스킹, Severity: INFO, Pattern: [a-zA-Z0-9._%+-]+@[a-zA-Z0-9.-]+\\.[a-zA-Z]{2,}
ID: 26, Name: 전화번호 마스킹, Severity: INFO, Pattern: (?:\\+\d{1,3}[ -]?)?(?:\\(\d{1,4}\\)[ -]?)?(?:\d[ -]?){6,15}\d
--------------------------------
--- LoadPolicies at 2026-01-29T06:54:04Z ---
Total policies: 13
ID: 23, Name: 기밀 문서 탐지, Severity: CRITICAL, Pattern: CONFIDENTIAL
ID: 27, Name: Universal API Key Detection, Severity: CRITICAL, Pattern: [a-zA-Z0-9_\\-]{32,}
ID: 65, Name: Universal API Key Detection, Severity: CRITICAL, Pattern: (?i)(?:sk_live_[0-9a-zA-Z]{24,})
ID: 66, Name: Universal API Key Detection, Severity: CRITICAL, Pattern: (?i)(?:sk_live_[0-9a-zA-Z]{24,})
ID: 67, Name: Universal API Key Detection, Severity: CRITICAL, Pattern: (?i)(?:sk_live_[0-9a-zA-Z]{24,})
ID: 68, Name: Universal API Key Detection, Severity: CRITICAL, Pattern: (?i)(?:sk_live_[0-9a-zA-Z]{24,})
ID: 69, Name: Universal API Key Detection, Severity: CRITICAL, Pattern: (?i)(?:sk_live_[0-9a-zA-Z]{24,})
ID: 70, Name: Universal API Key Detection, Severity: CRITICAL, Pattern: (?i)(?:sk_live_[0-9a-zA-Z]{24,})
ID: 71, Name: Universal API Key Detection, Severity: CRITICAL, Pattern: (?i)(?:sk_live_[0-9a-zA-Z]{24,})
ID: 24, Name: 민감 데이터 탐지, Severity: WARNING, Pattern: INTERNAL_ONLY
ID: 28, Name: MyShop Internal Code, Severity: WARNING, Pattern: MYSHOP_INTERNAL
ID: 25, Name: 이메일 마스킹, Severity: INFO, Pattern: [a-zA-Z0-9._%+-]+@[a-zA-Z0-9.-]+\\.[a-zA-Z]{2,}
ID: 26, Name: 전화번호 마스킹, Severity: INFO, Pattern: (?:\\+\d{1,3}[ -]?)?(?:\\(\d{1,4}\\)[ -]?)?(?:\d[ -]?){6,15}\d
--------------------------------
--- LoadPolicies at 2026-01-29T06:57:31Z ---
Total policies: 13
ID: 23, Name: 기밀 문서 탐지, Severity: CRITICAL, Pattern: CONFIDENTIAL
ID: 27, Name: Universal API Key Detection, Severity: CRITICAL, Pattern: [a-zA-Z0-9_\\-]{32,}
ID: 65, Name: Universal API Key Detection, Severity: CRITICAL, Pattern: (?i)(?:sk_live_[0-9a-zA-Z]{24,})
ID: 66, Name: Universal API Key Detection, Severity: CRITICAL, Pattern: (?i)(?:sk_live_[0-9a-zA-Z]{24,})
ID: 67, Name: Universal API Key Detection, Severity: CRITICAL, Pattern: (?i)(?:sk_live_[0-9a-zA-Z]{24,})
ID: 68, Name: Universal API Key Detection, Severity: CRITICAL, Pattern: (?i)(?:sk_live_[0-9a-zA-Z]{24,})
ID: 69, Name: Universal API Key Detection, Severity: CRITICAL, Pattern: (?i)(?:sk_live_[0-9a-zA-Z]{24,})
ID: 70, Name: Universal API Key Detection, Severity: CRITICAL, Pattern: (?i)(?:sk_live_[0-9a-zA-Z]{24,})
ID: 71, Name: Universal API Key Detection, Severity: CRITICAL, Pattern: (?i)(?:sk_live_[0-9a-zA-Z]{24,})
ID: 24, Name: 민감 데이터 탐지, Severity: WARNING, Pattern: INTERNAL_ONLY
ID: 28, Name: MyShop Internal Code, Severity: WARNING, Pattern: MYSHOP_INTERNAL
ID: 25, Name: 이메일 마스킹, Severity: INFO, Pattern: [a-zA-Z0-9._%+-]+@[a-zA-Z0-9.-]+\\.[a-zA-Z]{2,}
ID: 26, Name: 전화번호 마스킹, Severity: INFO, Pattern: (?:\\+\d{1,3}[ -]?)?(?:\\(\d{1,4}\\)[ -]?)?(?:\d[ -]?){6,15}\d
--------------------------------
--- LoadPolicies at 2026-01-29T07:02:38Z ---
Total policies: 13
ID: 23, Name: 기밀 문서 탐지, Severity: CRITICAL, Pattern: CONFIDENTIAL
ID: 27, Name: Universal API Key Detection, Severity: CRITICAL, Pattern: [a-zA-Z0-9_\\-]{32,}
ID: 65, Name: Universal API Key Detection, Severity: CRITICAL, Pattern: (?i)(?:sk_live_[0-9a-zA-Z]{24,})
ID: 66, Name: Universal API Key Detection, Severity: CRITICAL, Pattern: (?i)(?:sk_live_[0-9a-zA-Z]{24,})
ID: 67, Name: Universal API Key Detection, Severity: CRITICAL, Pattern: (?i)(?:sk_live_[0-9a-zA-Z]{24,})
ID: 68, Name: Universal API Key Detection, Severity: CRITICAL, Pattern: (?i)(?:sk_live_[0-9a-zA-Z]{24,})
ID: 69, Name: Universal API Key Detection, Severity: CRITICAL, Pattern: (?i)(?:sk_live_[0-9a-zA-Z]{24,})
ID: 70, Name: Universal API Key Detection, Severity: CRITICAL, Pattern: (?i)(?:sk_live_[0-9a-zA-Z]{24,})
ID: 71, Name: Universal API Key Detection, Severity: CRITICAL, Pattern: (?i)(?:sk_live_[0-9a-zA-Z]{24,})
ID: 24, Name: 민감 데이터 탐지, Severity: WARNING, Pattern: INTERNAL_ONLY
ID: 28, Name: MyShop Internal Code, Severity: WARNING, Pattern: MYSHOP_INTERNAL
ID: 25, Name: 이메일 마스킹, Severity: INFO, Pattern: [a-zA-Z0-9._%+-]+@[a-zA-Z0-9.-]+\\.[a-zA-Z]{2,}
ID: 26, Name: 전화번호 마스킹, Severity: INFO, Pattern: (?:\\+\d{1,3}[ -]?)?(?:\\(\d{1,4}\\)[ -]?)?(?:\d[ -]?){6,15}\d
--------------------------------
--- LoadPolicies at 2026-01-29T07:05:29Z ---
Total policies: 13
ID: 23, Name: 기밀 문서 탐지, Severity: CRITICAL, Pattern: CONFIDENTIAL
ID: 27, Name: Universal API Key Detection, Severity: CRITICAL, Pattern: [a-zA-Z0-9_\\-]{32,}
ID: 65, Name: Universal API Key Detection, Severity: CRITICAL, Pattern: (?i)(?:sk_live_[0-9a-zA-Z]{24,})
ID: 66, Name: Universal API Key Detection, Severity: CRITICAL, Pattern: (?i)(?:sk_live_[0-9a-zA-Z]{24,})
ID: 67, Name: Universal API Key Detection, Severity: CRITICAL, Pattern: (?i)(?:sk_live_[0-9a-zA-Z]{24,})
ID: 68, Name: Universal API Key Detection, Severity: CRITICAL, Pattern: (?i)(?:sk_live_[0-9a-zA-Z]{24,})
ID: 69, Name: Universal API Key Detection, Severity: CRITICAL, Pattern: (?i)(?:sk_live_[0-9a-zA-Z]{24,})
ID: 70, Name: Universal API Key Detection, Severity: CRITICAL, Pattern: (?i)(?:sk_live_[0-9a-zA-Z]{24,})
ID: 71, Name: Universal API Key Detection, Severity: CRITICAL, Pattern: (?i)(?:sk_live_[0-9a-zA-Z]{24,})
ID: 24, Name: 민감 데이터 탐지, Severity: WARNING, Pattern: INTERNAL_ONLY
ID: 28, Name: MyShop Internal Code, Severity: WARNING, Pattern: MYSHOP_INTERNAL
ID: 25, Name: 이메일 마스킹, Severity: INFO, Pattern: [a-zA-Z0-9._%+-]+@[a-zA-Z0-9.-]+\\.[a-zA-Z]{2,}
ID: 26, Name: 전화번호 마스킹, Severity: INFO, Pattern: (?:\\+\d{1,3}[ -]?)?(?:\\(\d{1,4}\\)[ -]?)?(?:\d[ -]?){6,15}\d
--------------------------------
--- LoadPolicies at 2026-01-29T07:08:21Z ---
Total policies: 13
ID: 23, Name: 기밀 문서 탐지, Severity: CRITICAL, Pattern: CONFIDENTIAL
ID: 27, Name: Universal API Key Detection, Severity: CRITICAL, Pattern: [a-zA-Z0-9_\\-]{32,}
ID: 65, Name: Universal API Key Detection, Severity: CRITICAL, Pattern: (?i)(?:sk_live_[0-9a-zA-Z]{24,})
ID: 66, Name: Universal API Key Detection, Severity: CRITICAL, Pattern: (?i)(?:sk_live_[0-9a-zA-Z]{24,})
ID: 67, Name: Universal API Key Detection, Severity: CRITICAL, Pattern: (?i)(?:sk_live_[0-9a-zA-Z]{24,})
ID: 68, Name: Universal API Key Detection, Severity: CRITICAL, Pattern: (?i)(?:sk_live_[0-9a-zA-Z]{24,})
ID: 69, Name: Universal API Key Detection, Severity: CRITICAL, Pattern: (?i)(?:sk_live_[0-9a-zA-Z]{24,})
ID: 70, Name: Universal API Key Detection, Severity: CRITICAL, Pattern: (?i)(?:sk_live_[0-9a-zA-Z]{24,})
ID: 71, Name: Universal API Key Detection, Severity: CRITICAL, Pattern: (?i)(?:sk_live_[0-9a-zA-Z]{24,})
ID: 24, Name: 민감 데이터 탐지, Severity: WARNING, Pattern: INTERNAL_ONLY
ID: 28, Name: MyShop Internal Code, Severity: WARNING, Pattern: MYSHOP_INTERNAL
ID: 25, Name: 이메일 마스킹, Severity: INFO, Pattern: [a-zA-Z0-9._%+-]+@[a-zA-Z0-9.-]+\\.[a-zA-Z]{2,}
ID: 26, Name: 전화번호 마스킹, Severity: INFO, Pattern: (?:\\+\d{1,3}[ -]?)?(?:\\(\d{1,4}\\)[ -]?)?(?:\d[ -]?){6,15}\d
--------------------------------
--- LoadPolicies at 2026-01-29T07:10:28Z ---
Total policies: 13
ID: 23, Name: 기밀 문서 탐지, Severity: CRITICAL, Pattern: CONFIDENTIAL
ID: 27, Name: Universal API Key Detection, Severity: CRITICAL, Pattern: [a-zA-Z0-9_\\-]{32,}
ID: 65, Name: Universal API Key Detection, Severity: CRITICAL, Pattern: (?i)(?:sk_live_[0-9a-zA-Z]{24,})
ID: 66, Name: Universal API Key Detection, Severity: CRITICAL, Pattern: (?i)(?:sk_live_[0-9a-zA-Z]{24,})
ID: 67, Name: Universal API Key Detection, Severity: CRITICAL, Pattern: (?i)(?:sk_live_[0-9a-zA-Z]{24,})
ID: 68, Name: Universal API Key Detection, Severity: CRITICAL, Pattern: (?i)(?:sk_live_[0-9a-zA-Z]{24,})
ID: 69, Name: Universal API Key Detection, Severity: CRITICAL, Pattern: (?i)(?:sk_live_[0-9a-zA-Z]{24,})
ID: 70, Name: Universal API Key Detection, Severity: CRITICAL, Pattern: (?i)(?:sk_live_[0-9a-zA-Z]{24,})
ID: 71, Name: Universal API Key Detection, Severity: CRITICAL, Pattern: (?i)(?:sk_live_[0-9a-zA-Z]{24,})
ID: 24, Name: 민감 데이터 탐지, Severity: WARNING, Pattern: INTERNAL_ONLY
ID: 28, Name: MyShop Internal Code, Severity: WARNING, Pattern: MYSHOP_INTERNAL
ID: 25, Name: 이메일 마스킹, Severity: INFO, Pattern: [a-zA-Z0-9._%+-]+@[a-zA-Z0-9.-]+\\.[a-zA-Z]{2,}
ID: 26, Name: 전화번호 마스킹, Severity: INFO, Pattern: (?:\\+\d{1,3}[ -]?)?(?:\\(\d{1,4}\\)[ -]?)?(?:\d[ -]?){6,15}\d
--------------------------------
--- LoadPolicies at 2026-01-29T07:13:03Z ---
Total policies: 13
ID: 23, Name: 기밀 문서 탐지, Severity: CRITICAL, Pattern: CONFIDENTIAL
ID: 27, Name: Universal API Key Detection, Severity: CRITICAL, Pattern: [a-zA-Z0-9_\\-]{32,}
ID: 65, Name: Universal API Key Detection, Severity: CRITICAL, Pattern: (?i)(?:sk_live_[0-9a-zA-Z]{24,})
ID: 66, Name: Universal API Key Detection, Severity: CRITICAL, Pattern: (?i)(?:sk_live_[0-9a-zA-Z]{24,})
ID: 67, Name: Universal API Key Detection, Severity: CRITICAL, Pattern: (?i)(?:sk_live_[0-9a-zA-Z]{24,})
ID: 68, Name: Universal API Key Detection, Severity: CRITICAL, Pattern: (?i)(?:sk_live_[0-9a-zA-Z]{24,})
ID: 69, Name: Universal API Key Detection, Severity: CRITICAL, Pattern: (?i)(?:sk_live_[0-9a-zA-Z]{24,})
ID: 70, Name: Universal API Key Detection, Severity: CRITICAL, Pattern: (?i)(?:sk_live_[0-9a-zA-Z]{24,})
ID: 71, Name: Universal API Key Detection, Severity: CRITICAL, Pattern: (?i)(?:sk_live_[0-9a-zA-Z]{24,})
ID: 24, Name: 민감 데이터 탐지, Severity: WARNING, Pattern: INTERNAL_ONLY
ID: 28, Name: MyShop Internal Code, Severity: WARNING, Pattern: MYSHOP_INTERNAL
ID: 25, Name: 이메일 마스킹, Severity: INFO, Pattern: [a-zA-Z0-9._%+-]+@[a-zA-Z0-9.-]+\\.[a-zA-Z]{2,}
ID: 26, Name: 전화번호 마스킹, Severity: INFO, Pattern: (?:\\+\d{1,3}[ -]?)?(?:\\(\d{1,4}\\)[ -]?)?(?:\d[ -]?){6,15}\d
--------------------------------
--- LoadPolicies at 2026-01-29T07:16:55Z ---
Total policies: 13
ID: 23, Name: 기밀 문서 탐지, Severity: CRITICAL, Pattern: CONFIDENTIAL
ID: 27, Name: Universal API Key Detection, Severity: CRITICAL, Pattern: [a-zA-Z0-9_\\-]{32,}
ID: 65, Name: Universal API Key Detection, Severity: CRITICAL, Pattern: (?i)(?:sk_live_[0-9a-zA-Z]{24,})
ID: 66, Name: Universal API Key Detection, Severity: CRITICAL, Pattern: (?i)(?:sk_live_[0-9a-zA-Z]{24,})
ID: 67, Name: Universal API Key Detection, Severity: CRITICAL, Pattern: (?i)(?:sk_live_[0-9a-zA-Z]{24,})
ID: 68, Name: Universal API Key Detection, Severity: CRITICAL, Pattern: (?i)(?:sk_live_[0-9a-zA-Z]{24,})
ID: 69, Name: Universal API Key Detection, Severity: CRITICAL, Pattern: (?i)(?:sk_live_[0-9a-zA-Z]{24,})
ID: 70, Name: Universal API Key Detection, Severity: CRITICAL, Pattern: (?i)(?:sk_live_[0-9a-zA-Z]{24,})
ID: 71, Name: Universal API Key Detection, Severity: CRITICAL, Pattern: (?i)(?:sk_live_[0-9a-zA-Z]{24,})
ID: 24, Name: 민감 데이터 탐지, Severity: WARNING, Pattern: INTERNAL_ONLY
ID: 28, Name: MyShop Internal Code, Severity: WARNING, Pattern: MYSHOP_INTERNAL
ID: 25, Name: 이메일 마스킹, Severity: INFO, Pattern: [a-zA-Z0-9._%+-]+@[a-zA-Z0-9.-]+\\.[a-zA-Z]{2,}
ID: 26, Name: 전화번호 마스킹, Severity: INFO, Pattern: (?:\\+\d{1,3}[ -]?)?(?:\\(\d{1,4}\\)[ -]?)?(?:\d[ -]?){6,15}\d
--------------------------------
--- LoadPolicies at 2026-01-29T07:21:56Z ---
Total policies: 13
ID: 23, Name: 기밀 문서 탐지, Severity: CRITICAL, Pattern: CONFIDENTIAL
ID: 27, Name: Universal API Key Detection, Severity: CRITICAL, Pattern: [a-zA-Z0-9_\\-]{32,}
ID: 65, Name: Universal API Key Detection, Severity: CRITICAL, Pattern: (?i)(?:sk_live_[0-9a-zA-Z]{24,})
ID: 66, Name: Universal API Key Detection, Severity: CRITICAL, Pattern: (?i)(?:sk_live_[0-9a-zA-Z]{24,})
ID: 67, Name: Universal API Key Detection, Severity: CRITICAL, Pattern: (?i)(?:sk_live_[0-9a-zA-Z]{24,})
ID: 68, Name: Universal API Key Detection, Severity: CRITICAL, Pattern: (?i)(?:sk_live_[0-9a-zA-Z]{24,})
ID: 69, Name: Universal API Key Detection, Severity: CRITICAL, Pattern: (?i)(?:sk_live_[0-9a-zA-Z]{24,})
ID: 70, Name: Universal API Key Detection, Severity: CRITICAL, Pattern: (?i)(?:sk_live_[0-9a-zA-Z]{24,})
ID: 71, Name: Universal API Key Detection, Severity: CRITICAL, Pattern: (?i)(?:sk_live_[0-9a-zA-Z]{24,})
ID: 24, Name: 민감 데이터 탐지, Severity: WARNING, Pattern: INTERNAL_ONLY
ID: 28, Name: MyShop Internal Code, Severity: WARNING, Pattern: MYSHOP_INTERNAL
ID: 25, Name: 이메일 마스킹, Severity: INFO, Pattern: [a-zA-Z0-9._%+-]+@[a-zA-Z0-9.-]+\\.[a-zA-Z]{2,}
ID: 26, Name: 전화번호 마스킹, Severity: INFO, Pattern: (?:\\+\d{1,3}[ -]?)?(?:\\(\d{1,4}\\)[ -]?)?(?:\d[ -]?){6,15}\d
--------------------------------
--- LoadPolicies at 2026-01-29T07:43:03Z ---
Total policies: 13
ID: 23, Name: 기밀 문서 탐지, Severity: CRITICAL, Pattern: CONFIDENTIAL
ID: 27, Name: Universal API Key Detection, Severity: CRITICAL, Pattern: [a-zA-Z0-9_\\-]{32,}
ID: 65, Name: Universal API Key Detection, Severity: CRITICAL, Pattern: (?i)(?:sk_live_[0-9a-zA-Z]{24,})
ID: 66, Name: Universal API Key Detection, Severity: CRITICAL, Pattern: (?i)(?:sk_live_[0-9a-zA-Z]{24,})
ID: 67, Name: Universal API Key Detection, Severity: CRITICAL, Pattern: (?i)(?:sk_live_[0-9a-zA-Z]{24,})
ID: 68, Name: Universal API Key Detection, Severity: CRITICAL, Pattern: (?i)(?:sk_live_[0-9a-zA-Z]{24,})
ID: 69, Name: Universal API Key Detection, Severity: CRITICAL, Pattern: (?i)(?:sk_live_[0-9a-zA-Z]{24,})
ID: 70, Name: Universal API Key Detection, Severity: CRITICAL, Pattern: (?i)(?:sk_live_[0-9a-zA-Z]{24,})
ID: 71, Name: Universal API Key Detection, Severity: CRITICAL, Pattern: (?i)(?:sk_live_[0-9a-zA-Z]{24,})
ID: 24, Name: 민감 데이터 탐지, Severity: WARNING, Pattern: INTERNAL_ONLY
ID: 28, Name: MyShop Internal Code, Severity: WARNING, Pattern: MYSHOP_INTERNAL
ID: 25, Name: 이메일 마스킹, Severity: INFO, Pattern: [a-zA-Z0-9._%+-]+@[a-zA-Z0-9.-]+\\.[a-zA-Z]{2,}
ID: 26, Name: 전화번호 마스킹, Severity: INFO, Pattern: (?:\\+\d{1,3}[ -]?)?(?:\\(\d{1,4}\\)[ -]?)?(?:\d[ -]?){6,15}\d
--------------------------------
--- LoadPolicies at 2026-01-29T08:48:20Z ---
Total policies: 13
ID: 23, Name: 기밀 문서 탐지, Severity: CRITICAL, Pattern: CONFIDENTIAL
ID: 27, Name: Universal API Key Detection, Severity: CRITICAL, Pattern: [a-zA-Z0-9_\\-]{32,}
ID: 65, Name: Universal API Key Detection, Severity: CRITICAL, Pattern: (?i)(?:sk_live_[0-9a-zA-Z]{24,})
ID: 66, Name: Universal API Key Detection, Severity: CRITICAL, Pattern: (?i)(?:sk_live_[0-9a-zA-Z]{24,})
ID: 67, Name: Universal API Key Detection, Severity: CRITICAL, Pattern: (?i)(?:sk_live_[0-9a-zA-Z]{24,})
ID: 68, Name: Universal API Key Detection, Severity: CRITICAL, Pattern: (?i)(?:sk_live_[0-9a-zA-Z]{24,})
ID: 69, Name: Universal API Key Detection, Severity: CRITICAL, Pattern: (?i)(?:sk_live_[0-9a-zA-Z]{24,})
ID: 70, Name: Universal API Key Detection, Severity: CRITICAL, Pattern: (?i)(?:sk_live_[0-9a-zA-Z]{24,})
ID: 71, Name: Universal API Key Detection, Severity: CRITICAL, Pattern: (?i)(?:sk_live_[0-9a-zA-Z]{24,})
ID: 24, Name: 민감 데이터 탐지, Severity: WARNING, Pattern: INTERNAL_ONLY
ID: 28, Name: MyShop Internal Code, Severity: WARNING, Pattern: MYSHOP_INTERNAL
ID: 25, Name: 이메일 마스킹, Severity: INFO, Pattern: [a-zA-Z0-9._%+-]+@[a-zA-Z0-9.-]+\\.[a-zA-Z]{2,}
ID: 26, Name: 전화번호 마스킹, Severity: INFO, Pattern: (?:\\+\d{1,3}[ -]?)?(?:\\(\d{1,4}\\)[ -]?)?(?:\d[ -]?){6,15}\d
--------------------------------
--- LoadPolicies at 2026-01-29T09:12:41Z ---
Total policies: 13
ID: 23, Name: 기밀 문서 탐지, Severity: CRITICAL, Pattern: CONFIDENTIAL
ID: 27, Name: Universal API Key Detection, Severity: CRITICAL, Pattern: [a-zA-Z0-9_\\-]{32,}
ID: 65, Name: Universal API Key Detection, Severity: CRITICAL, Pattern: (?i)(?:sk_live_[0-9a-zA-Z]{24,})
ID: 66, Name: Universal API Key Detection, Severity: CRITICAL, Pattern: (?i)(?:sk_live_[0-9a-zA-Z]{24,})
ID: 67, Name: Universal API Key Detection, Severity: CRITICAL, Pattern: (?i)(?:sk_live_[0-9a-zA-Z]{24,})
ID: 68, Name: Universal API Key Detection, Severity: CRITICAL, Pattern: (?i)(?:sk_live_[0-9a-zA-Z]{24,})
ID: 69, Name: Universal API Key Detection, Severity: CRITICAL, Pattern: (?i)(?:sk_live_[0-9a-zA-Z]{24,})
ID: 70, Name: Universal API Key Detection, Severity: CRITICAL, Pattern: (?i)(?:sk_live_[0-9a-zA-Z]{24,})
ID: 71, Name: Universal API Key Detection, Severity: CRITICAL, Pattern: (?i)(?:sk_live_[0-9a-zA-Z]{24,})
ID: 24, Name: 민감 데이터 탐지, Severity: WARNING, Pattern: INTERNAL_ONLY
ID: 28, Name: MyShop Internal Code, Severity: WARNING, Pattern: MYSHOP_INTERNAL
ID: 25, Name: 이메일 마스킹, Severity: INFO, Pattern: [a-zA-Z0-9._%+-]+@[a-zA-Z0-9.-]+\\.[a-zA-Z]{2,}
ID: 26, Name: 전화번호 마스킹, Severity: INFO, Pattern: (?:\\+\d{1,3}[ -]?)?(?:\\(\d{1,4}\\)[ -]?)?(?:\d[ -]?){6,15}\d
--------------------------------
--- LoadPolicies at 2026-01-29T09:18:43Z ---
Total policies: 13
ID: 23, Name: 기밀 문서 탐지, Severity: CRITICAL, Pattern: CONFIDENTIAL
ID: 27, Name: Universal API Key Detection, Severity: CRITICAL, Pattern: [a-zA-Z0-9_\\-]{32,}
ID: 65, Name: Universal API Key Detection, Severity: CRITICAL, Pattern: (?i)(?:sk_live_[0-9a-zA-Z]{24,})
ID: 66, Name: Universal API Key Detection, Severity: CRITICAL, Pattern: (?i)(?:sk_live_[0-9a-zA-Z]{24,})
ID: 67, Name: Universal API Key Detection, Severity: CRITICAL, Pattern: (?i)(?:sk_live_[0-9a-zA-Z]{24,})
ID: 68, Name: Universal API Key Detection, Severity: CRITICAL, Pattern: (?i)(?:sk_live_[0-9a-zA-Z]{24,})
ID: 69, Name: Universal API Key Detection, Severity: CRITICAL, Pattern: (?i)(?:sk_live_[0-9a-zA-Z]{24,})
ID: 70, Name: Universal API Key Detection, Severity: CRITICAL, Pattern: (?i)(?:sk_live_[0-9a-zA-Z]{24,})
ID: 71, Name: Universal API Key Detection, Severity: CRITICAL, Pattern: (?i)(?:sk_live_[0-9a-zA-Z]{24,})
ID: 24, Name: 민감 데이터 탐지, Severity: WARNING, Pattern: INTERNAL_ONLY
ID: 28, Name: MyShop Internal Code, Severity: WARNING, Pattern: MYSHOP_INTERNAL
ID: 25, Name: 이메일 마스킹, Severity: INFO, Pattern: [a-zA-Z0-9._%+-]+@[a-zA-Z0-9.-]+\\.[a-zA-Z]{2,}
ID: 26, Name: 전화번호 마스킹, Severity: INFO, Pattern: (?:\\+\d{1,3}[ -]?)?(?:\\(\d{1,4}\\)[ -]?)?(?:\d[ -]?){6,15}\d
--------------------------------
--- LoadPolicies at 2026-01-29T09:19:19Z ---
Total policies: 13
ID: 23, Name: 기밀 문서 탐지, Severity: CRITICAL, Pattern: CONFIDENTIAL
ID: 27, Name: Universal API Key Detection, Severity: CRITICAL, Pattern: [a-zA-Z0-9_\\-]{32,}
ID: 65, Name: Universal API Key Detection, Severity: CRITICAL, Pattern: (?i)(?:sk_live_[0-9a-zA-Z]{24,})
ID: 66, Name: Universal API Key Detection, Severity: CRITICAL, Pattern: (?i)(?:sk_live_[0-9a-zA-Z]{24,})
ID: 67, Name: Universal API Key Detection, Severity: CRITICAL, Pattern: (?i)(?:sk_live_[0-9a-zA-Z]{24,})
ID: 68, Name: Universal API Key Detection, Severity: CRITICAL, Pattern: (?i)(?:sk_live_[0-9a-zA-Z]{24,})
ID: 69, Name: Universal API Key Detection, Severity: CRITICAL, Pattern: (?i)(?:sk_live_[0-9a-zA-Z]{24,})
ID: 70, Name: Universal API Key Detection, Severity: CRITICAL, Pattern: (?i)(?:sk_live_[0-9a-zA-Z]{24,})
ID: 71, Name: Universal API Key Detection, Severity: CRITICAL, Pattern: (?i)(?:sk_live_[0-9a-zA-Z]{24,})
ID: 24, Name: 민감 데이터 탐지, Severity: WARNING, Pattern: INTERNAL_ONLY
ID: 28, Name: MyShop Internal Code, Severity: WARNING, Pattern: MYSHOP_INTERNAL
ID: 25, Name: 이메일 마스킹, Severity: INFO, Pattern: [a-zA-Z0-9._%+-]+@[a-zA-Z0-9.-]+\\.[a-zA-Z]{2,}
ID: 26, Name: 전화번호 마스킹, Severity: INFO, Pattern: (?:\\+\d{1,3}[ -]?)?(?:\\(\d{1,4}\\)[ -]?)?(?:\d[ -]?){6,15}\d
--------------------------------
--- LoadPolicies at 2026-01-29T09:19:35Z ---
Total policies: 13
ID: 23, Name: 기밀 문서 탐지, Severity: CRITICAL, Pattern: CONFIDENTIAL
ID: 27, Name: Universal API Key Detection, Severity: CRITICAL, Pattern: [a-zA-Z0-9_\\-]{32,}
ID: 65, Name: Universal API Key Detection, Severity: CRITICAL, Pattern: (?i)(?:sk_live_[0-9a-zA-Z]{24,})
ID: 66, Name: Universal API Key Detection, Severity: CRITICAL, Pattern: (?i)(?:sk_live_[0-9a-zA-Z]{24,})
ID: 67, Name: Universal API Key Detection, Severity: CRITICAL, Pattern: (?i)(?:sk_live_[0-9a-zA-Z]{24,})
ID: 68, Name: Universal API Key Detection, Severity: CRITICAL, Pattern: (?i)(?:sk_live_[0-9a-zA-Z]{24,})
ID: 69, Name: Universal API Key Detection, Severity: CRITICAL, Pattern: (?i)(?:sk_live_[0-9a-zA-Z]{24,})
ID: 70, Name: Universal API Key Detection, Severity: CRITICAL, Pattern: (?i)(?:sk_live_[0-9a-zA-Z]{24,})
ID: 71, Name: Universal API Key Detection, Severity: CRITICAL, Pattern: (?i)(?:sk_live_[0-9a-zA-Z]{24,})
ID: 24, Name: 민감 데이터 탐지, Severity: WARNING, Pattern: INTERNAL_ONLY
ID: 28, Name: MyShop Internal Code, Severity: WARNING, Pattern: MYSHOP_INTERNAL
ID: 25, Name: 이메일 마스킹, Severity: INFO, Pattern: [a-zA-Z0-9._%+-]+@[a-zA-Z0-9.-]+\\.[a-zA-Z]{2,}
ID: 26, Name: 전화번호 마스킹, Severity: INFO, Pattern: (?:\\+\d{1,3}[ -]?)?(?:\\(\d{1,4}\\)[ -]?)?(?:\d[ -]?){6,15}\d
--------------------------------
--- LoadPolicies at 2026-01-29T10:20:34Z ---
Total policies: 13
ID: 23, Name: 기밀 문서 탐지, Severity: CRITICAL, Pattern: CONFIDENTIAL
ID: 27, Name: Universal API Key Detection, Severity: CRITICAL, Pattern: [a-zA-Z0-9_\\-]{32,}
ID: 65, Name: Universal API Key Detection, Severity: CRITICAL, Pattern: (?i)(?:sk_live_[0-9a-zA-Z]{24,})
ID: 66, Name: Universal API Key Detection, Severity: CRITICAL, Pattern: (?i)(?:sk_live_[0-9a-zA-Z]{24,})
ID: 67, Name: Universal API Key Detection, Severity: CRITICAL, Pattern: (?i)(?:sk_live_[0-9a-zA-Z]{24,})
ID: 68, Name: Universal API Key Detection, Severity: CRITICAL, Pattern: (?i)(?:sk_live_[0-9a-zA-Z]{24,})
ID: 69, Name: Universal API Key Detection, Severity: CRITICAL, Pattern: (?i)(?:sk_live_[0-9a-zA-Z]{24,})
ID: 70, Name: Universal API Key Detection, Severity: CRITICAL, Pattern: (?i)(?:sk_live_[0-9a-zA-Z]{24,})
ID: 71, Name: Universal API Key Detection, Severity: CRITICAL, Pattern: (?i)(?:sk_live_[0-9a-zA-Z]{24,})
ID: 24, Name: 민감 데이터 탐지, Severity: WARNING, Pattern: INTERNAL_ONLY
ID: 28, Name: MyShop Internal Code, Severity: WARNING, Pattern: MYSHOP_INTERNAL
ID: 25, Name: 이메일 마스킹, Severity: INFO, Pattern: [a-zA-Z0-9._%+-]+@[a-zA-Z0-9.-]+\\.[a-zA-Z]{2,}
ID: 26, Name: 전화번호 마스킹, Severity: INFO, Pattern: (?:\\+\d{1,3}[ -]?)?(?:\\(\d{1,4}\\)[ -]?)?(?:\d[ -]?){6,15}\d
--------------------------------
--- LoadPolicies at 2026-01-29T10:24:01Z ---
Total policies: 13
ID: 23, Name: 기밀 문서 탐지, Severity: CRITICAL, Pattern: CONFIDENTIAL
ID: 27, Name: Universal API Key Detection, Severity: CRITICAL, Pattern: [a-zA-Z0-9_\\-]{32,}
ID: 65, Name: Universal API Key Detection, Severity: CRITICAL, Pattern: (?i)(?:sk_live_[0-9a-zA-Z]{24,})
ID: 66, Name: Universal API Key Detection, Severity: CRITICAL, Pattern: (?i)(?:sk_live_[0-9a-zA-Z]{24,})
ID: 67, Name: Universal API Key Detection, Severity: CRITICAL, Pattern: (?i)(?:sk_live_[0-9a-zA-Z]{24,})
ID: 68, Name: Universal API Key Detection, Severity: CRITICAL, Pattern: (?i)(?:sk_live_[0-9a-zA-Z]{24,})
ID: 69, Name: Universal API Key Detection, Severity: CRITICAL, Pattern: (?i)(?:sk_live_[0-9a-zA-Z]{24,})
ID: 70, Name: Universal API Key Detection, Severity: CRITICAL, Pattern: (?i)(?:sk_live_[0-9a-zA-Z]{24,})
ID: 71, Name: Universal API Key Detection, Severity: CRITICAL, Pattern: (?i)(?:sk_live_[0-9a-zA-Z]{24,})
ID: 24, Name: 민감 데이터 탐지, Severity: WARNING, Pattern: INTERNAL_ONLY
ID: 28, Name: MyShop Internal Code, Severity: WARNING, Pattern: MYSHOP_INTERNAL
ID: 25, Name: 이메일 마스킹, Severity: INFO, Pattern: [a-zA-Z0-9._%+-]+@[a-zA-Z0-9.-]+\\.[a-zA-Z]{2,}
ID: 26, Name: 전화번호 마스킹, Severity: INFO, Pattern: (?:\\+\d{1,3}[ -]?)?(?:\\(\d{1,4}\\)[ -]?)?(?:\d[ -]?){6,15}\d
--------------------------------
--- LoadPolicies at 2026-01-29T10:25:28Z ---
Total policies: 13
ID: 23, Name: 기밀 문서 탐지, Severity: CRITICAL, Pattern: CONFIDENTIAL
ID: 27, Name: Universal API Key Detection, Severity: CRITICAL, Pattern: [a-zA-Z0-9_\\-]{32,}
ID: 65, Name: Universal API Key Detection, Severity: CRITICAL, Pattern: (?i)(?:sk_live_[0-9a-zA-Z]{24,})
ID: 66, Name: Universal API Key Detection, Severity: CRITICAL, Pattern: (?i)(?:sk_live_[0-9a-zA-Z]{24,})
ID: 67, Name: Universal API Key Detection, Severity: CRITICAL, Pattern: (?i)(?:sk_live_[0-9a-zA-Z]{24,})
ID: 68, Name: Universal API Key Detection, Severity: CRITICAL, Pattern: (?i)(?:sk_live_[0-9a-zA-Z]{24,})
ID: 69, Name: Universal API Key Detection, Severity: CRITICAL, Pattern: (?i)(?:sk_live_[0-9a-zA-Z]{24,})
ID: 70, Name: Universal API Key Detection, Severity: CRITICAL, Pattern: (?i)(?:sk_live_[0-9a-zA-Z]{24,})
ID: 71, Name: Universal API Key Detection, Severity: CRITICAL, Pattern: (?i)(?:sk_live_[0-9a-zA-Z]{24,})
ID: 24, Name: 민감 데이터 탐지, Severity: WARNING, Pattern: INTERNAL_ONLY
ID: 28, Name: MyShop Internal Code, Severity: WARNING, Pattern: MYSHOP_INTERNAL
ID: 25, Name: 이메일 마스킹, Severity: INFO, Pattern: [a-zA-Z0-9._%+-]+@[a-zA-Z0-9.-]+\\.[a-zA-Z]{2,}
ID: 26, Name: 전화번호 마스킹, Severity: INFO, Pattern: (?:\\+\d{1,3}[ -]?)?(?:\\(\d{1,4}\\)[ -]?)?(?:\d[ -]?){6,15}\d
--------------------------------
--- LoadPolicies at 2026-01-29T10:57:16Z ---
Total policies: 13
ID: 23, Name: 기밀 문서 탐지, Severity: CRITICAL, Pattern: CONFIDENTIAL
ID: 27, Name: Universal API Key Detection, Severity: CRITICAL, Pattern: [a-zA-Z0-9_\\-]{32,}
ID: 65, Name: Universal API Key Detection, Severity: CRITICAL, Pattern: (?i)(?:sk_live_[0-9a-zA-Z]{24,})
ID: 66, Name: Universal API Key Detection, Severity: CRITICAL, Pattern: (?i)(?:sk_live_[0-9a-zA-Z]{24,})
ID: 67, Name: Universal API Key Detection, Severity: CRITICAL, Pattern: (?i)(?:sk_live_[0-9a-zA-Z]{24,})
ID: 68, Name: Universal API Key Detection, Severity: CRITICAL, Pattern: (?i)(?:sk_live_[0-9a-zA-Z]{24,})
ID: 69, Name: Universal API Key Detection, Severity: CRITICAL, Pattern: (?i)(?:sk_live_[0-9a-zA-Z]{24,})
ID: 70, Name: Universal API Key Detection, Severity: CRITICAL, Pattern: (?i)(?:sk_live_[0-9a-zA-Z]{24,})
ID: 71, Name: Universal API Key Detection, Severity: CRITICAL, Pattern: (?i)(?:sk_live_[0-9a-zA-Z]{24,})
ID: 24, Name: 민감 데이터 탐지, Severity: WARNING, Pattern: INTERNAL_ONLY
ID: 28, Name: MyShop Internal Code, Severity: WARNING, Pattern: MYSHOP_INTERNAL
ID: 25, Name: 이메일 마스킹, Severity: INFO, Pattern: [a-zA-Z0-9._%+-]+@[a-zA-Z0-9.-]+\\.[a-zA-Z]{2,}
ID: 26, Name: 전화번호 마스킹, Severity: INFO, Pattern: (?:\\+\d{1,3}[ -]?)?(?:\\(\d{1,4}\\)[ -]?)?(?:\d[ -]?){6,15}\d
--------------------------------
--- LoadPolicies at 2026-01-29T11:18:12Z ---
Total policies: 13
ID: 23, Name: 기밀 문서 탐지, Severity: CRITICAL, Pattern: CONFIDENTIAL
ID: 27, Name: Universal API Key Detection, Severity: CRITICAL, Pattern: [a-zA-Z0-9_\\-]{32,}
ID: 65, Name: Universal API Key Detection, Severity: CRITICAL, Pattern: (?i)(?:sk_live_[0-9a-zA-Z]{24,})
ID: 66, Name: Universal API Key Detection, Severity: CRITICAL, Pattern: (?i)(?:sk_live_[0-9a-zA-Z]{24,})
ID: 67, Name: Universal API Key Detection, Severity: CRITICAL, Pattern: (?i)(?:sk_live_[0-9a-zA-Z]{24,})
ID: 68, Name: Universal API Key Detection, Severity: CRITICAL, Pattern: (?i)(?:sk_live_[0-9a-zA-Z]{24,})
ID: 69, Name: Universal API Key Detection, Severity: CRITICAL, Pattern: (?i)(?:sk_live_[0-9a-zA-Z]{24,})
ID: 70, Name: Universal API Key Detection, Severity: CRITICAL, Pattern: (?i)(?:sk_live_[0-9a-zA-Z]{24,})
ID: 71, Name: Universal API Key Detection, Severity: CRITICAL, Pattern: (?i)(?:sk_live_[0-9a-zA-Z]{24,})
ID: 24, Name: 민감 데이터 탐지, Severity: WARNING, Pattern: INTERNAL_ONLY
ID: 28, Name: MyShop Internal Code, Severity: WARNING, Pattern: MYSHOP_INTERNAL
ID: 25, Name: 이메일 마스킹, Severity: INFO, Pattern: [a-zA-Z0-9._%+-]+@[a-zA-Z0-9.-]+\\.[a-zA-Z]{2,}
ID: 26, Name: 전화번호 마스킹, Severity: INFO, Pattern: (?:\\+\d{1,3}[ -]?)?(?:\\(\d{1,4}\\)[ -]?)?(?:\d[ -]?){6,15}\d
--------------------------------
--- LoadPolicies at 2026-01-29T12:03:45Z ---
Total policies: 13
ID: 23, Name: 기밀 문서 탐지, Severity: CRITICAL, Pattern: CONFIDENTIAL
ID: 27, Name: Universal API Key Detection, Severity: CRITICAL, Pattern: [a-zA-Z0-9_\\-]{32,}
ID: 65, Name: Universal API Key Detection, Severity: CRITICAL, Pattern: (?i)(?:sk_live_[0-9a-zA-Z]{24,})
ID: 66, Name: Universal API Key Detection, Severity: CRITICAL, Pattern: (?i)(?:sk_live_[0-9a-zA-Z]{24,})
ID: 67, Name: Universal API Key Detection, Severity: CRITICAL, Pattern: (?i)(?:sk_live_[0-9a-zA-Z]{24,})
ID: 68, Name: Universal API Key Detection, Severity: CRITICAL, Pattern: (?i)(?:sk_live_[0-9a-zA-Z]{24,})
ID: 69, Name: Universal API Key Detection, Severity: CRITICAL, Pattern: (?i)(?:sk_live_[0-9a-zA-Z]{24,})
ID: 70, Name: Universal API Key Detection, Severity: CRITICAL, Pattern: (?i)(?:sk_live_[0-9a-zA-Z]{24,})
ID: 71, Name: Universal API Key Detection, Severity: CRITICAL, Pattern: (?i)(?:sk_live_[0-9a-zA-Z]{24,})
ID: 24, Name: 민감 데이터 탐지, Severity: WARNING, Pattern: INTERNAL_ONLY
ID: 28, Name: MyShop Internal Code, Severity: WARNING, Pattern: MYSHOP_INTERNAL
ID: 25, Name: 이메일 마스킹, Severity: INFO, Pattern: [a-zA-Z0-9._%+-]+@[a-zA-Z0-9.-]+\\.[a-zA-Z]{2,}
ID: 26, Name: 전화번호 마스킹, Severity: INFO, Pattern: (?:\\+\d{1,3}[ -]?)?(?:\\(\d{1,4}\\)[ -]?)?(?:\d[ -]?){6,15}\d
--------------------------------
--- LoadPolicies at 2026-01-29T12:13:39Z ---
Total policies: 13
ID: 23, Name: 기밀 문서 탐지, Severity: CRITICAL, Pattern: CONFIDENTIAL
ID: 27, Name: Universal API Key Detection, Severity: CRITICAL, Pattern: [a-zA-Z0-9_\\-]{32,}
ID: 65, Name: Universal API Key Detection, Severity: CRITICAL, Pattern: (?i)(?:sk_live_[0-9a-zA-Z]{24,})
ID: 66, Name: Universal API Key Detection, Severity: CRITICAL, Pattern: (?i)(?:sk_live_[0-9a-zA-Z]{24,})
ID: 67, Name: Universal API Key Detection, Severity: CRITICAL, Pattern: (?i)(?:sk_live_[0-9a-zA-Z]{24,})
ID: 68, Name: Universal API Key Detection, Severity: CRITICAL, Pattern: (?i)(?:sk_live_[0-9a-zA-Z]{24,})
ID: 69, Name: Universal API Key Detection, Severity: CRITICAL, Pattern: (?i)(?:sk_live_[0-9a-zA-Z]{24,})
ID: 70, Name: Universal API Key Detection, Severity: CRITICAL, Pattern: (?i)(?:sk_live_[0-9a-zA-Z]{24,})
ID: 71, Name: Universal API Key Detection, Severity: CRITICAL, Pattern: (?i)(?:sk_live_[0-9a-zA-Z]{24,})
ID: 24, Name: 민감 데이터 탐지, Severity: WARNING, Pattern: INTERNAL_ONLY
ID: 28, Name: MyShop Internal Code, Severity: WARNING, Pattern: MYSHOP_INTERNAL
ID: 25, Name: 이메일 마스킹, Severity: INFO, Pattern: [a-zA-Z0-9._%+-]+@[a-zA-Z0-9.-]+\\.[a-zA-Z]{2,}
ID: 26, Name: 전화번호 마스킹, Severity: INFO, Pattern: (?:\\+\d{1,3}[ -]?)?(?:\\(\d{1,4}\\)[ -]?)?(?:\d[ -]?){6,15}\d
--------------------------------
--- LoadPolicies at 2026-01-29T12:33:11Z ---
Total policies: 13
ID: 23, Name: 기밀 문서 탐지, Severity: CRITICAL, Pattern: CONFIDENTIAL
ID: 27, Name: Universal API Key Detection, Severity: CRITICAL, Pattern: [a-zA-Z0-9_\\-]{32,}
ID: 65, Name: Universal API Key Detection, Severity: CRITICAL, Pattern: (?i)(?:sk_live_[0-9a-zA-Z]{24,})
ID: 66, Name: Universal API Key Detection, Severity: CRITICAL, Pattern: (?i)(?:sk_live_[0-9a-zA-Z]{24,})
ID: 67, Name: Universal API Key Detection, Severity: CRITICAL, Pattern: (?i)(?:sk_live_[0-9a-zA-Z]{24,})
ID: 68, Name: Universal API Key Detection, Severity: CRITICAL, Pattern: (?i)(?:sk_live_[0-9a-zA-Z]{24,})
ID: 69, Name: Universal API Key Detection, Severity: CRITICAL, Pattern: (?i)(?:sk_live_[0-9a-zA-Z]{24,})
ID: 70, Name: Universal API Key Detection, Severity: CRITICAL, Pattern: (?i)(?:sk_live_[0-9a-zA-Z]{24,})
ID: 71, Name: Universal API Key Detection, Severity: CRITICAL, Pattern: (?i)(?:sk_live_[0-9a-zA-Z]{24,})
ID: 24, Name: 민감 데이터 탐지, Severity: WARNING, Pattern: INTERNAL_ONLY
ID: 28, Name: MyShop Internal Code, Severity: WARNING, Pattern: MYSHOP_INTERNAL
ID: 25, Name: 이메일 마스킹, Severity: INFO, Pattern: [a-zA-Z0-9._%+-]+@[a-zA-Z0-9.-]+\\.[a-zA-Z]{2,}
ID: 26, Name: 전화번호 마스킹, Severity: INFO, Pattern: (?:\\+\d{1,3}[ -]?)?(?:\\(\d{1,4}\\)[ -]?)?(?:\d[ -]?){6,15}\d
--------------------------------
--- LoadPolicies at 2026-01-29T13:32:43Z ---
Total policies: 13
ID: 23, Name: 기밀 문서 탐지, Severity: CRITICAL, Pattern: CONFIDENTIAL
ID: 27, Name: Universal API Key Detection, Severity: CRITICAL, Pattern: [a-zA-Z0-9_\\-]{32,}
ID: 65, Name: Universal API Key Detection, Severity: CRITICAL, Pattern: (?i)(?:sk_live_[0-9a-zA-Z]{24,})
ID: 66, Name: Universal API Key Detection, Severity: CRITICAL, Pattern: (?i)(?:sk_live_[0-9a-zA-Z]{24,})
ID: 67, Name: Universal API Key Detection, Severity: CRITICAL, Pattern: (?i)(?:sk_live_[0-9a-zA-Z]{24,})
ID: 68, Name: Universal API Key Detection, Severity: CRITICAL, Pattern: (?i)(?:sk_live_[0-9a-zA-Z]{24,})
ID: 69, Name: Universal API Key Detection, Severity: CRITICAL, Pattern: (?i)(?:sk_live_[0-9a-zA-Z]{24,})
ID: 70, Name: Universal API Key Detection, Severity: CRITICAL, Pattern: (?i)(?:sk_live_[0-9a-zA-Z]{24,})
ID: 71, Name: Universal API Key Detection, Severity: CRITICAL, Pattern: (?i)(?:sk_live_[0-9a-zA-Z]{24,})
ID: 24, Name: 민감 데이터 탐지, Severity: WARNING, Pattern: INTERNAL_ONLY
ID: 28, Name: MyShop Internal Code, Severity: WARNING, Pattern: MYSHOP_INTERNAL
ID: 25, Name: 이메일 마스킹, Severity: INFO, Pattern: [a-zA-Z0-9._%+-]+@[a-zA-Z0-9.-]+\\.[a-zA-Z]{2,}
ID: 26, Name: 전화번호 마스킹, Severity: INFO, Pattern: (?:\\+\d{1,3}[ -]?)?(?:\\(\d{1,4}\\)[ -]?)?(?:\d[ -]?){6,15}\d
--------------------------------
--- LoadPolicies at 2026-01-30T06:24:59Z ---
Total policies: 13
ID: 23, Name: 기밀 문서 탐지, Severity: CRITICAL, Pattern: CONFIDENTIAL
ID: 27, Name: Universal API Key Detection, Severity: CRITICAL, Pattern: [a-zA-Z0-9_\\-]{32,}
ID: 65, Name: Universal API Key Detection, Severity: CRITICAL, Pattern: (?i)(?:sk_live_[0-9a-zA-Z]{24,})
ID: 66, Name: Universal API Key Detection, Severity: CRITICAL, Pattern: (?i)(?:sk_live_[0-9a-zA-Z]{24,})
ID: 67, Name: Universal API Key Detection, Severity: CRITICAL, Pattern: (?i)(?:sk_live_[0-9a-zA-Z]{24,})
ID: 68, Name: Universal API Key Detection, Severity: CRITICAL, Pattern: (?i)(?:sk_live_[0-9a-zA-Z]{24,})
ID: 69, Name: Universal API Key Detection, Severity: CRITICAL, Pattern: (?i)(?:sk_live_[0-9a-zA-Z]{24,})
ID: 70, Name: Universal API Key Detection, Severity: CRITICAL, Pattern: (?i)(?:sk_live_[0-9a-zA-Z]{24,})
ID: 71, Name: Universal API Key Detection, Severity: CRITICAL, Pattern: (?i)(?:sk_live_[0-9a-zA-Z]{24,})
ID: 24, Name: 민감 데이터 탐지, Severity: WARNING, Pattern: INTERNAL_ONLY
ID: 28, Name: MyShop Internal Code, Severity: WARNING, Pattern: MYSHOP_INTERNAL
ID: 25, Name: 이메일 마스킹, Severity: INFO, Pattern: [a-zA-Z0-9._%+-]+@[a-zA-Z0-9.-]+\\.[a-zA-Z]{2,}
ID: 26, Name: 전화번호 마스킹, Severity: INFO, Pattern: (?:\\+\d{1,3}[ -]?)?(?:\\(\d{1,4}\\)[ -]?)?(?:\d[ -]?){6,15}\d
--------------------------------
--- LoadPolicies at 2026-01-31T04:39:43Z ---
Total policies: 13
ID: 23, Name: 기밀 문서 탐지, Severity: CRITICAL, Pattern: CONFIDENTIAL
ID: 27, Name: Universal API Key Detection, Severity: CRITICAL, Pattern: [a-zA-Z0-9_\\-]{32,}
ID: 65, Name: Universal API Key Detection, Severity: CRITICAL, Pattern: (?i)(?:sk_live_[0-9a-zA-Z]{24,})
ID: 66, Name: Universal API Key Detection, Severity: CRITICAL, Pattern: (?i)(?:sk_live_[0-9a-zA-Z]{24,})
ID: 67, Name: Universal API Key Detection, Severity: CRITICAL, Pattern: (?i)(?:sk_live_[0-9a-zA-Z]{24,})
ID: 68, Name: Universal API Key Detection, Severity: CRITICAL, Pattern: (?i)(?:sk_live_[0-9a-zA-Z]{24,})
ID: 69, Name: Universal API Key Detection, Severity: CRITICAL, Pattern: (?i)(?:sk_live_[0-9a-zA-Z]{24,})
ID: 70, Name: Universal API Key Detection, Severity: CRITICAL, Pattern: (?i)(?:sk_live_[0-9a-zA-Z]{24,})
ID: 71, Name: Universal API Key Detection, Severity: CRITICAL, Pattern: (?i)(?:sk_live_[0-9a-zA-Z]{24,})
ID: 24, Name: 민감 데이터 탐지, Severity: WARNING, Pattern: INTERNAL_ONLY
ID: 28, Name: MyShop Internal Code, Severity: WARNING, Pattern: MYSHOP_INTERNAL
ID: 25, Name: 이메일 마스킹, Severity: INFO, Pattern: [a-zA-Z0-9._%+-]+@[a-zA-Z0-9.-]+\\.[a-zA-Z]{2,}
ID: 26, Name: 전화번호 마스킹, Severity: INFO, Pattern: (?:\\+\d{1,3}[ -]?)?(?:\\(\d{1,4}\\)[ -]?)?(?:\d[ -]?){6,15}\d
--------------------------------
--- LoadPolicies at 2026-01-31T07:25:33Z ---
Total policies: 13
ID: 23, Name: 기밀 문서 탐지, Severity: CRITICAL, Pattern: CONFIDENTIAL
ID: 27, Name: Universal API Key Detection, Severity: CRITICAL, Pattern: [a-zA-Z0-9_\\-]{32,}
ID: 65, Name: Universal API Key Detection, Severity: CRITICAL, Pattern: (?i)(?:sk_live_[0-9a-zA-Z]{24,})
ID: 66, Name: Universal API Key Detection, Severity: CRITICAL, Pattern: (?i)(?:sk_live_[0-9a-zA-Z]{24,})
ID: 67, Name: Universal API Key Detection, Severity: CRITICAL, Pattern: (?i)(?:sk_live_[0-9a-zA-Z]{24,})
ID: 68, Name: Universal API Key Detection, Severity: CRITICAL, Pattern: (?i)(?:sk_live_[0-9a-zA-Z]{24,})
ID: 69, Name: Universal API Key Detection, Severity: CRITICAL, Pattern: (?i)(?:sk_live_[0-9a-zA-Z]{24,})
ID: 70, Name: Universal API Key Detection, Severity: CRITICAL, Pattern: (?i)(?:sk_live_[0-9a-zA-Z]{24,})
ID: 71, Name: Universal API Key Detection, Severity: CRITICAL, Pattern: (?i)(?:sk_live_[0-9a-zA-Z]{24,})
ID: 24, Name: 민감 데이터 탐지, Severity: WARNING, Pattern: INTERNAL_ONLY
ID: 28, Name: MyShop Internal Code, Severity: WARNING, Pattern: MYSHOP_INTERNAL
ID: 25, Name: 이메일 마스킹, Severity: INFO, Pattern: [a-zA-Z0-9._%+-]+@[a-zA-Z0-9.-]+\\.[a-zA-Z]{2,}
ID: 26, Name: 전화번호 마스킹, Severity: INFO, Pattern: (?:\\+\d{1,3}[ -]?)?(?:\\(\d{1,4}\\)[ -]?)?(?:\d[ -]?){6,15}\d
--------------------------------
--- LoadPolicies at 2026-01-31T09:40:23Z ---
Total policies: 13
ID: 23, Name: 기밀 문서 탐지, Severity: CRITICAL, Pattern: CONFIDENTIAL
ID: 27, Name: Universal API Key Detection, Severity: CRITICAL, Pattern: [a-zA-Z0-9_\\-]{32,}
ID: 65, Name: Universal API Key Detection, Severity: CRITICAL, Pattern: (?i)(?:sk_live_[0-9a-zA-Z]{24,})
ID: 66, Name: Universal API Key Detection, Severity: CRITICAL, Pattern: (?i)(?:sk_live_[0-9a-zA-Z]{24,})
ID: 67, Name: Universal API Key Detection, Severity: CRITICAL, Pattern: (?i)(?:sk_live_[0-9a-zA-Z]{24,})
ID: 68, Name: Universal API Key Detection, Severity: CRITICAL, Pattern: (?i)(?:sk_live_[0-9a-zA-Z]{24,})
ID: 69, Name: Universal API Key Detection, Severity: CRITICAL, Pattern: (?i)(?:sk_live_[0-9a-zA-Z]{24,})
ID: 70, Name: Universal API Key Detection, Severity: CRITICAL, Pattern: (?i)(?:sk_live_[0-9a-zA-Z]{24,})
ID: 71, Name: Universal API Key Detection, Severity: CRITICAL, Pattern: (?i)(?:sk_live_[0-9a-zA-Z]{24,})
ID: 24, Name: 민감 데이터 탐지, Severity: WARNING, Pattern: INTERNAL_ONLY
ID: 28, Name: MyShop Internal Code, Severity: WARNING, Pattern: MYSHOP_INTERNAL
ID: 25, Name: 이메일 마스킹, Severity: INFO, Pattern: [a-zA-Z0-9._%+-]+@[a-zA-Z0-9.-]+\\.[a-zA-Z]{2,}
ID: 26, Name: 전화번호 마스킹, Severity: INFO, Pattern: (?:\\+\d{1,3}[ -]?)?(?:\\(\d{1,4}\\)[ -]?)?(?:\d[ -]?){6,15}\d
--------------------------------
--- LoadPolicies at 2026-01-31T09:45:38Z ---
Total policies: 6
ID: 23, Name: 기밀 문서 탐지, Severity: CRITICAL, Pattern: CONFIDENTIAL
ID: 27, Name: Universal API Key Detection, Severity: CRITICAL, Pattern: [a-zA-Z0-9_\\-]{32,}
ID: 24, Name: 민감 데이터 탐지, Severity: WARNING, Pattern: INTERNAL_ONLY
ID: 28, Name: MyShop Internal Code, Severity: WARNING, Pattern: MYSHOP_INTERNAL
ID: 25, Name: 이메일 마스킹, Severity: INFO, Pattern: [a-zA-Z0-9._%+-]+@[a-zA-Z0-9.-]+\\.[a-zA-Z]{2,}
ID: 26, Name: 전화번호 마스킹, Severity: INFO, Pattern: (?:\\+\d{1,3}[ -]?)?(?:\\(\d{1,4}\\)[ -]?)?(?:\d[ -]?){6,15}\d
--------------------------------
--- LoadPolicies at 2026-01-31T09:57:23Z ---
Total policies: 7
ID: 23, Name: 기밀 문서 탐지, Severity: CRITICAL, Pattern: CONFIDENTIAL
ID: 27, Name: Universal API Key Detection, Severity: CRITICAL, Pattern: [a-zA-Z0-9_\\-]{32,}
ID: 74, Name: Universal API Key Detection, Severity: CRITICAL, Pattern: (?i)(?:sk_live_[0-9a-zA-Z]{24,})
ID: 24, Name: 민감 데이터 탐지, Severity: WARNING, Pattern: INTERNAL_ONLY
ID: 28, Name: MyShop Internal Code, Severity: WARNING, Pattern: MYSHOP_INTERNAL
ID: 25, Name: 이메일 마스킹, Severity: INFO, Pattern: [a-zA-Z0-9._%+-]+@[a-zA-Z0-9.-]+\\.[a-zA-Z]{2,}
ID: 26, Name: 전화번호 마스킹, Severity: INFO, Pattern: (?:\\+\d{1,3}[ -]?)?(?:\\(\d{1,4}\\)[ -]?)?(?:\d[ -]?){6,15}\d
--------------------------------
--- LoadPolicies at 2026-01-31T09:58:43Z ---
Total policies: 7
ID: 23, Name: 기밀 문서 탐지, Severity: CRITICAL, Pattern: CONFIDENTIAL
ID: 27, Name: Universal API Key Detection, Severity: CRITICAL, Pattern: [a-zA-Z0-9_\\-]{32,}
ID: 74, Name: Universal API Key Detection, Severity: CRITICAL, Pattern: (?i)(?:sk_live_[0-9a-zA-Z]{24,})
ID: 24, Name: 민감 데이터 탐지, Severity: WARNING, Pattern: INTERNAL_ONLY
ID: 28, Name: MyShop Internal Code, Severity: WARNING, Pattern: MYSHOP_INTERNAL
ID: 25, Name: 이메일 마스킹, Severity: INFO, Pattern: [a-zA-Z0-9._%+-]+@[a-zA-Z0-9.-]+\\.[a-zA-Z]{2,}
ID: 26, Name: 전화번호 마스킹, Severity: INFO, Pattern: (?:\\+\d{1,3}[ -]?)?(?:\\(\d{1,4}\\)[ -]?)?(?:\d[ -]?){6,15}\d
--------------------------------
--- LoadPolicies at 2026-01-31T09:59:39Z ---
Total policies: 7
ID: 23, Name: 기밀 문서 탐지, Severity: CRITICAL, Pattern: CONFIDENTIAL
ID: 27, Name: Universal API Key Detection, Severity: CRITICAL, Pattern: [a-zA-Z0-9_\\-]{32,}
ID: 74, Name: Universal API Key Detection, Severity: CRITICAL, Pattern: (?i)(?:sk_live_[0-9a-zA-Z]{24,})
ID: 24, Name: 민감 데이터 탐지, Severity: WARNING, Pattern: INTERNAL_ONLY
ID: 28, Name: MyShop Internal Code, Severity: WARNING, Pattern: MYSHOP_INTERNAL
ID: 25, Name: 이메일 마스킹, Severity: INFO, Pattern: [a-zA-Z0-9._%+-]+@[a-zA-Z0-9.-]+\\.[a-zA-Z]{2,}
ID: 26, Name: 전화번호 마스킹, Severity: INFO, Pattern: (?:\\+\d{1,3}[ -]?)?(?:\\(\d{1,4}\\)[ -]?)?(?:\d[ -]?){6,15}\d
--------------------------------
--- LoadPolicies at 2026-01-31T09:59:58Z ---
Total policies: 7
ID: 23, Name: 기밀 문서 탐지, Severity: CRITICAL, Pattern: CONFIDENTIAL
ID: 27, Name: Universal API Key Detection, Severity: CRITICAL, Pattern: [a-zA-Z0-9_\\-]{32,}
ID: 74, Name: Universal API Key Detection, Severity: CRITICAL, Pattern: (?i)(?:sk_live_[0-9a-zA-Z]{24,})
ID: 24, Name: 민감 데이터 탐지, Severity: WARNING, Pattern: INTERNAL_ONLY
ID: 28, Name: MyShop Internal Code, Severity: WARNING, Pattern: MYSHOP_INTERNAL
ID: 25, Name: 이메일 마스킹, Severity: INFO, Pattern: [a-zA-Z0-9._%+-]+@[a-zA-Z0-9.-]+\\.[a-zA-Z]{2,}
ID: 26, Name: 전화번호 마스킹, Severity: INFO, Pattern: (?:\\+\d{1,3}[ -]?)?(?:\\(\d{1,4}\\)[ -]?)?(?:\d[ -]?){6,15}\d
--------------------------------
--- LoadPolicies at 2026-01-31T10:05:46Z ---
Total policies: 7
ID: 23, Name: 기밀 문서 탐지, Severity: CRITICAL, Pattern: CONFIDENTIAL
ID: 27, Name: Universal API Key Detection, Severity: CRITICAL, Pattern: [a-zA-Z0-9_\\-]{32,}
ID: 74, Name: Universal API Key Detection, Severity: CRITICAL, Pattern: (?i)(?:sk_live_[0-9a-zA-Z]{24,})
ID: 24, Name: 민감 데이터 탐지, Severity: WARNING, Pattern: INTERNAL_ONLY
ID: 28, Name: MyShop Internal Code, Severity: WARNING, Pattern: MYSHOP_INTERNAL
ID: 25, Name: 이메일 마스킹, Severity: INFO, Pattern: [a-zA-Z0-9._%+-]+@[a-zA-Z0-9.-]+\\.[a-zA-Z]{2,}
ID: 26, Name: 전화번호 마스킹, Severity: INFO, Pattern: (?:\\+\d{1,3}[ -]?)?(?:\\(\d{1,4}\\)[ -]?)?(?:\d[ -]?){6,15}\d
--------------------------------
--- LoadPolicies at 2026-01-31T10:07:32Z ---
Total policies: 7
ID: 23, Name: 기밀 문서 탐지, Severity: CRITICAL, Pattern: CONFIDENTIAL
ID: 27, Name: Universal API Key Detection, Severity: CRITICAL, Pattern: [a-zA-Z0-9_\\-]{32,}
ID: 74, Name: Universal API Key Detection, Severity: CRITICAL, Pattern: (?i)(?:sk_live_[0-9a-zA-Z]{24,})
ID: 24, Name: 민감 데이터 탐지, Severity: WARNING, Pattern: INTERNAL_ONLY
ID: 28, Name: MyShop Internal Code, Severity: WARNING, Pattern: MYSHOP_INTERNAL
ID: 25, Name: 이메일 마스킹, Severity: INFO, Pattern: [a-zA-Z0-9._%+-]+@[a-zA-Z0-9.-]+\\.[a-zA-Z]{2,}
ID: 26, Name: 전화번호 마스킹, Severity: INFO, Pattern: (?:\\+\d{1,3}[ -]?)?(?:\\(\d{1,4}\\)[ -]?)?(?:\d[ -]?){6,15}\d
--------------------------------
--- LoadPolicies at 2026-01-31T12:20:26Z ---
Total policies: 7
ID: 23, Name: 기밀 문서 탐지, Severity: CRITICAL, Pattern: CONFIDENTIAL
ID: 27, Name: Universal API Key Detection, Severity: CRITICAL, Pattern: [a-zA-Z0-9_\\-]{32,}
ID: 74, Name: Universal API Key Detection, Severity: CRITICAL, Pattern: (?i)(?:sk_live_[0-9a-zA-Z]{24,})
ID: 24, Name: 민감 데이터 탐지, Severity: WARNING, Pattern: INTERNAL_ONLY
ID: 28, Name: MyShop Internal Code, Severity: WARNING, Pattern: MYSHOP_INTERNAL
ID: 25, Name: 이메일 마스킹, Severity: INFO, Pattern: [a-zA-Z0-9._%+-]+@[a-zA-Z0-9.-]+\\.[a-zA-Z]{2,}
ID: 26, Name: 전화번호 마스킹, Severity: INFO, Pattern: (?:\\+\d{1,3}[ -]?)?(?:\\(\d{1,4}\\)[ -]?)?(?:\d[ -]?){6,15}\d
--------------------------------
--- LoadPolicies at 2026-01-31T12:25:51Z ---
Total policies: 7
ID: 23, Name: 기밀 문서 탐지, Severity: CRITICAL, Pattern: CONFIDENTIAL
ID: 27, Name: Universal API Key Detection, Severity: CRITICAL, Pattern: [a-zA-Z0-9_\\-]{32,}
ID: 74, Name: Universal API Key Detection, Severity: CRITICAL, Pattern: (?i)(?:sk_live_[0-9a-zA-Z]{24,})
ID: 24, Name: 민감 데이터 탐지, Severity: WARNING, Pattern: INTERNAL_ONLY
ID: 28, Name: MyShop Internal Code, Severity: WARNING, Pattern: MYSHOP_INTERNAL
ID: 25, Name: 이메일 마스킹, Severity: INFO, Pattern: [a-zA-Z0-9._%+-]+@[a-zA-Z0-9.-]+\\.[a-zA-Z]{2,}
ID: 26, Name: 전화번호 마스킹, Severity: INFO, Pattern: (?:\\+\d{1,3}[ -]?)?(?:\\(\d{1,4}\\)[ -]?)?(?:\d[ -]?){6,15}\d
--------------------------------
--- LoadPolicies at 2026-02-02T01:28:19Z ---
Total policies: 7
ID: 23, Name: 기밀 문서 탐지, Severity: CRITICAL, Pattern: CONFIDENTIAL
ID: 27, Name: Universal API Key Detection, Severity: CRITICAL, Pattern: [a-zA-Z0-9_\\-]{32,}
ID: 74, Name: Universal API Key Detection, Severity: CRITICAL, Pattern: (?i)(?:sk_live_[0-9a-zA-Z]{24,})
ID: 24, Name: 민감 데이터 탐지, Severity: WARNING, Pattern: INTERNAL_ONLY
ID: 28, Name: MyShop Internal Code, Severity: WARNING, Pattern: MYSHOP_INTERNAL
ID: 25, Name: 이메일 마스킹, Severity: INFO, Pattern: [a-zA-Z0-9._%+-]+@[a-zA-Z0-9.-]+\\.[a-zA-Z]{2,}
ID: 26, Name: 전화번호 마스킹, Severity: INFO, Pattern: (?:\\+\d{1,3}[ -]?)?(?:\\(\d{1,4}\\)[ -]?)?(?:\d[ -]?){6,15}\d
--------------------------------
--- LoadPolicies at 2026-02-02T02:55:55Z ---
Total policies: 7
ID: 23, Name: 기밀 문서 탐지, Severity: CRITICAL, Pattern: CONFIDENTIAL
ID: 27, Name: Universal API Key Detection, Severity: CRITICAL, Pattern: [a-zA-Z0-9_\\-]{32,}
ID: 74, Name: Universal API Key Detection, Severity: CRITICAL, Pattern: (?i)(?:sk_live_[0-9a-zA-Z]{24,})
ID: 24, Name: 민감 데이터 탐지, Severity: WARNING, Pattern: INTERNAL_ONLY
ID: 28, Name: MyShop Internal Code, Severity: WARNING, Pattern: MYSHOP_INTERNAL
ID: 25, Name: 이메일 마스킹, Severity: INFO, Pattern: [a-zA-Z0-9._%+-]+@[a-zA-Z0-9.-]+\\.[a-zA-Z]{2,}
ID: 26, Name: 전화번호 마스킹, Severity: INFO, Pattern: (?:\\+\d{1,3}[ -]?)?(?:\\(\d{1,4}\\)[ -]?)?(?:\d[ -]?){6,15}\d
--------------------------------
--- LoadPolicies at 2026-02-02T04:43:57Z ---
Total policies: 7
ID: 23, Name: 기밀 문서 탐지, Severity: CRITICAL, Pattern: CONFIDENTIAL
ID: 27, Name: Universal API Key Detection, Severity: CRITICAL, Pattern: [a-zA-Z0-9_\\-]{32,}
ID: 74, Name: Universal API Key Detection, Severity: CRITICAL, Pattern: (?i)(?:sk_live_[0-9a-zA-Z]{24,})
ID: 24, Name: 민감 데이터 탐지, Severity: WARNING, Pattern: INTERNAL_ONLY
ID: 28, Name: MyShop Internal Code, Severity: WARNING, Pattern: MYSHOP_INTERNAL
ID: 25, Name: 이메일 마스킹, Severity: INFO, Pattern: [a-zA-Z0-9._%+-]+@[a-zA-Z0-9.-]+\\.[a-zA-Z]{2,}
ID: 26, Name: 전화번호 마스킹, Severity: INFO, Pattern: (?:\\+\d{1,3}[ -]?)?(?:\\(\d{1,4}\\)[ -]?)?(?:\d[ -]?){6,15}\d
--------------------------------
--- LoadPolicies at 2026-02-02T04:47:17Z ---
Total policies: 7
ID: 23, Name: 기밀 문서 탐지, Severity: CRITICAL, Pattern: CONFIDENTIAL
ID: 27, Name: Universal API Key Detection, Severity: CRITICAL, Pattern: [a-zA-Z0-9_\\-]{32,}
ID: 74, Name: Universal API Key Detection, Severity: CRITICAL, Pattern: (?i)(?:sk_live_[0-9a-zA-Z]{24,})
ID: 24, Name: 민감 데이터 탐지, Severity: WARNING, Pattern: INTERNAL_ONLY
ID: 28, Name: MyShop Internal Code, Severity: WARNING, Pattern: MYSHOP_INTERNAL
ID: 25, Name: 이메일 마스킹, Severity: INFO, Pattern: [a-zA-Z0-9._%+-]+@[a-zA-Z0-9.-]+\\.[a-zA-Z]{2,}
ID: 26, Name: 전화번호 마스킹, Severity: INFO, Pattern: (?:\\+\d{1,3}[ -]?)?(?:\\(\d{1,4}\\)[ -]?)?(?:\d[ -]?){6,15}\d
--------------------------------
--- LoadPolicies at 2026-02-02T04:54:49Z ---
Total policies: 7
ID: 23, Name: 기밀 문서 탐지, Severity: CRITICAL, Pattern: CONFIDENTIAL
ID: 27, Name: Universal API Key Detection, Severity: CRITICAL, Pattern: [a-zA-Z0-9_\\-]{32,}
ID: 74, Name: Universal API Key Detection, Severity: CRITICAL, Pattern: (?i)(?:sk_live_[0-9a-zA-Z]{24,})
ID: 24, Name: 민감 데이터 탐지, Severity: WARNING, Pattern: INTERNAL_ONLY
ID: 28, Name: MyShop Internal Code, Severity: WARNING, Pattern: MYSHOP_INTERNAL
ID: 25, Name: 이메일 마스킹, Severity: INFO, Pattern: [a-zA-Z0-9._%+-]+@[a-zA-Z0-9.-]+\\.[a-zA-Z]{2,}
ID: 26, Name: 전화번호 마스킹, Severity: INFO, Pattern: (?:\\+\d{1,3}[ -]?)?(?:\\(\d{1,4}\\)[ -]?)?(?:\d[ -]?){6,15}\d
--------------------------------
--- LoadPolicies at 2026-02-02T10:49:28Z ---
Total policies: 7
ID: 23, Name: 기밀 문서 탐지, Severity: CRITICAL, Pattern: CONFIDENTIAL
ID: 27, Name: Universal API Key Detection, Severity: CRITICAL, Pattern: [a-zA-Z0-9_\\-]{32,}
ID: 74, Name: Universal API Key Detection, Severity: CRITICAL, Pattern: (?i)(?:sk_live_[0-9a-zA-Z]{24,})
ID: 24, Name: 민감 데이터 탐지, Severity: WARNING, Pattern: INTERNAL_ONLY
ID: 28, Name: MyShop Internal Code, Severity: WARNING, Pattern: MYSHOP_INTERNAL
ID: 25, Name: 이메일 마스킹, Severity: INFO, Pattern: [a-zA-Z0-9._%+-]+@[a-zA-Z0-9.-]+\\.[a-zA-Z]{2,}
ID: 26, Name: 전화번호 마스킹, Severity: INFO, Pattern: (?:\\+\d{1,3}[ -]?)?(?:\\(\d{1,4}\\)[ -]?)?(?:\d[ -]?){6,15}\d
--------------------------------
--- LoadPolicies at 2026-02-03T04:40:48Z ---
Total policies: 7
ID: 23, Name: 기밀 문서 탐지, Severity: CRITICAL, Pattern: CONFIDENTIAL
ID: 27, Name: Universal API Key Detection, Severity: CRITICAL, Pattern: [a-zA-Z0-9_\\-]{32,}
ID: 74, Name: Universal API Key Detection, Severity: CRITICAL, Pattern: (?i)(?:sk_live_[0-9a-zA-Z]{24,})
ID: 24, Name: 민감 데이터 탐지, Severity: WARNING, Pattern: INTERNAL_ONLY
ID: 28, Name: MyShop Internal Code, Severity: WARNING, Pattern: MYSHOP_INTERNAL
ID: 25, Name: 이메일 마스킹, Severity: INFO, Pattern: [a-zA-Z0-9._%+-]+@[a-zA-Z0-9.-]+\\.[a-zA-Z]{2,}
ID: 26, Name: 전화번호 마스킹, Severity: INFO, Pattern: (?:\\+\d{1,3}[ -]?)?(?:\\(\d{1,4}\\)[ -]?)?(?:\d[ -]?){6,15}\d
--------------------------------
--- LoadPolicies at 2026-02-04T01:24:37Z ---
Total policies: 7
ID: 23, Name: 기밀 문서 탐지, Severity: CRITICAL, Pattern: CONFIDENTIAL
ID: 27, Name: Universal API Key Detection, Severity: CRITICAL, Pattern: [a-zA-Z0-9_\\-]{32,}
ID: 74, Name: Universal API Key Detection, Severity: CRITICAL, Pattern: (?i)(?:sk_live_[0-9a-zA-Z]{24,})
ID: 24, Name: 민감 데이터 탐지, Severity: WARNING, Pattern: INTERNAL_ONLY
ID: 28, Name: MyShop Internal Code, Severity: WARNING, Pattern: MYSHOP_INTERNAL
ID: 25, Name: 이메일 마스킹, Severity: INFO, Pattern: [a-zA-Z0-9._%+-]+@[a-zA-Z0-9.-]+\\.[a-zA-Z]{2,}
ID: 26, Name: 전화번호 마스킹, Severity: INFO, Pattern: (?:\\+\d{1,3}[ -]?)?(?:\\(\d{1,4}\\)[ -]?)?(?:\d[ -]?){6,15}\d
--------------------------------
--- LoadPolicies at 2026-02-05T13:24:30Z ---
Total policies: 7
ID: 23, Name: 기밀 문서 탐지, Severity: CRITICAL, Pattern: CONFIDENTIAL
ID: 27, Name: Universal API Key Detection, Severity: CRITICAL, Pattern: [a-zA-Z0-9_\\-]{32,}
ID: 74, Name: Universal API Key Detection, Severity: CRITICAL, Pattern: (?i)(?:sk_live_[0-9a-zA-Z]{24,})
ID: 24, Name: 민감 데이터 탐지, Severity: WARNING, Pattern: INTERNAL_ONLY
ID: 28, Name: MyShop Internal Code, Severity: WARNING, Pattern: MYSHOP_INTERNAL
ID: 25, Name: 이메일 마스킹, Severity: INFO, Pattern: [a-zA-Z0-9._%+-]+@[a-zA-Z0-9.-]+\\.[a-zA-Z]{2,}
ID: 26, Name: 전화번호 마스킹, Severity: INFO, Pattern: (?:\\+\d{1,3}[ -]?)?(?:\\(\d{1,4}\\)[ -]?)?(?:\d[ -]?){6,15}\d
--------------------------------
--- LoadPolicies at 2026-02-07T12:25:05Z ---
Total policies: 7
ID: 23, Name: 기밀 문서 탐지, Severity: CRITICAL, Pattern: CONFIDENTIAL
ID: 27, Name: Universal API Key Detection, Severity: CRITICAL, Pattern: [a-zA-Z0-9_\\-]{32,}
ID: 74, Name: Universal API Key Detection, Severity: CRITICAL, Pattern: (?i)(?:sk_live_[0-9a-zA-Z]{24,})
ID: 24, Name: 민감 데이터 탐지, Severity: WARNING, Pattern: INTERNAL_ONLY
ID: 28, Name: MyShop Internal Code, Severity: WARNING, Pattern: MYSHOP_INTERNAL
ID: 25, Name: 이메일 마스킹, Severity: INFO, Pattern: [a-zA-Z0-9._%+-]+@[a-zA-Z0-9.-]+\\.[a-zA-Z]{2,}
ID: 26, Name: 전화번호 마스킹, Severity: INFO, Pattern: (?:\\+\d{1,3}[ -]?)?(?:\\(\d{1,4}\\)[ -]?)?(?:\d[ -]?){6,15}\d
--------------------------------
--- LoadPolicies at 2026-02-07T13:08:25Z ---
Total policies: 7
ID: 23, Name: 기밀 문서 탐지, Severity: CRITICAL, Pattern: CONFIDENTIAL
ID: 27, Name: Universal API Key Detection, Severity: CRITICAL, Pattern: [a-zA-Z0-9_\\-]{32,}
ID: 74, Name: Universal API Key Detection, Severity: CRITICAL, Pattern: (?i)(?:sk_live_[0-9a-zA-Z]{24,})
ID: 24, Name: 민감 데이터 탐지, Severity: WARNING, Pattern: INTERNAL_ONLY
ID: 28, Name: MyShop Internal Code, Severity: WARNING, Pattern: MYSHOP_INTERNAL
ID: 25, Name: 이메일 마스킹, Severity: INFO, Pattern: [a-zA-Z0-9._%+-]+@[a-zA-Z0-9.-]+\\.[a-zA-Z]{2,}
ID: 26, Name: 전화번호 마스킹, Severity: INFO, Pattern: (?:\\+\d{1,3}[ -]?)?(?:\\(\d{1,4}\\)[ -]?)?(?:\d[ -]?){6,15}\d
--------------------------------
--- LoadPolicies at 2026-02-07T13:12:44Z ---
Total policies: 7
ID: 23, Name: 기밀 문서 탐지, Severity: CRITICAL, Pattern: CONFIDENTIAL
ID: 27, Name: Universal API Key Detection, Severity: CRITICAL, Pattern: [a-zA-Z0-9_\\-]{32,}
ID: 74, Name: Universal API Key Detection, Severity: CRITICAL, Pattern: (?i)(?:sk_live_[0-9a-zA-Z]{24,})
ID: 24, Name: 민감 데이터 탐지, Severity: WARNING, Pattern: INTERNAL_ONLY
ID: 28, Name: MyShop Internal Code, Severity: WARNING, Pattern: MYSHOP_INTERNAL
ID: 25, Name: 이메일 마스킹, Severity: INFO, Pattern: [a-zA-Z0-9._%+-]+@[a-zA-Z0-9.-]+\\.[a-zA-Z]{2,}
ID: 26, Name: 전화번호 마스킹, Severity: INFO, Pattern: (?:\\+\d{1,3}[ -]?)?(?:\\(\d{1,4}\\)[ -]?)?(?:\d[ -]?){6,15}\d
--------------------------------
--- LoadPolicies at 2026-02-07T13:14:51Z ---
Total policies: 7
ID: 23, Name: 기밀 문서 탐지, Severity: CRITICAL, Pattern: CONFIDENTIAL
ID: 27, Name: Universal API Key Detection, Severity: CRITICAL, Pattern: [a-zA-Z0-9_\\-]{32,}
ID: 74, Name: Universal API Key Detection, Severity: CRITICAL, Pattern: (?i)(?:sk_live_[0-9a-zA-Z]{24,})
ID: 24, Name: 민감 데이터 탐지, Severity: WARNING, Pattern: INTERNAL_ONLY
ID: 28, Name: MyShop Internal Code, Severity: WARNING, Pattern: MYSHOP_INTERNAL
ID: 25, Name: 이메일 마스킹, Severity: INFO, Pattern: [a-zA-Z0-9._%+-]+@[a-zA-Z0-9.-]+\\.[a-zA-Z]{2,}
ID: 26, Name: 전화번호 마스킹, Severity: INFO, Pattern: (?:\\+\d{1,3}[ -]?)?(?:\\(\d{1,4}\\)[ -]?)?(?:\d[ -]?){6,15}\d
--------------------------------
--- LoadPolicies at 2026-02-07T13:23:19Z ---
Total policies: 7
ID: 23, Name: 기밀 문서 탐지, Severity: CRITICAL, Pattern: CONFIDENTIAL
ID: 27, Name: Universal API Key Detection, Severity: CRITICAL, Pattern: [a-zA-Z0-9_\\-]{32,}
ID: 74, Name: Universal API Key Detection, Severity: CRITICAL, Pattern: (?i)(?:sk_live_[0-9a-zA-Z]{24,})
ID: 24, Name: 민감 데이터 탐지, Severity: WARNING, Pattern: INTERNAL_ONLY
ID: 28, Name: MyShop Internal Code, Severity: WARNING, Pattern: MYSHOP_INTERNAL
ID: 25, Name: 이메일 마스킹, Severity: INFO, Pattern: [a-zA-Z0-9._%+-]+@[a-zA-Z0-9.-]+\\.[a-zA-Z]{2,}
ID: 26, Name: 전화번호 마스킹, Severity: INFO, Pattern: (?:\\+\d{1,3}[ -]?)?(?:\\(\d{1,4}\\)[ -]?)?(?:\d[ -]?){6,15}\d
--------------------------------
--- LoadPolicies at 2026-02-07T13:30:27Z ---
Total policies: 7
ID: 23, Name: 기밀 문서 탐지, Severity: CRITICAL, Pattern: CONFIDENTIAL
ID: 27, Name: Universal API Key Detection, Severity: CRITICAL, Pattern: [a-zA-Z0-9_\\-]{32,}
ID: 74, Name: Universal API Key Detection, Severity: CRITICAL, Pattern: (?i)(?:sk_live_[0-9a-zA-Z]{24,})
ID: 24, Name: 민감 데이터 탐지, Severity: WARNING, Pattern: INTERNAL_ONLY
ID: 28, Name: MyShop Internal Code, Severity: WARNING, Pattern: MYSHOP_INTERNAL
ID: 25, Name: 이메일 마스킹, Severity: INFO, Pattern: [a-zA-Z0-9._%+-]+@[a-zA-Z0-9.-]+\\.[a-zA-Z]{2,}
ID: 26, Name: 전화번호 마스킹, Severity: INFO, Pattern: (?:\\+\d{1,3}[ -]?)?(?:\\(\d{1,4}\\)[ -]?)?(?:\d[ -]?){6,15}\d
--------------------------------
--- LoadPolicies at 2026-02-07T13:36:11Z ---
Total policies: 7
ID: 23, Name: 기밀 문서 탐지, Severity: CRITICAL, Pattern: CONFIDENTIAL
ID: 27, Name: Universal API Key Detection, Severity: CRITICAL, Pattern: [a-zA-Z0-9_\\-]{32,}
ID: 74, Name: Universal API Key Detection, Severity: CRITICAL, Pattern: (?i)(?:sk_live_[0-9a-zA-Z]{24,})
ID: 24, Name: 민감 데이터 탐지, Severity: WARNING, Pattern: INTERNAL_ONLY
ID: 28, Name: MyShop Internal Code, Severity: WARNING, Pattern: MYSHOP_INTERNAL
ID: 25, Name: 이메일 마스킹, Severity: INFO, Pattern: [a-zA-Z0-9._%+-]+@[a-zA-Z0-9.-]+\\.[a-zA-Z]{2,}
ID: 26, Name: 전화번호 마스킹, Severity: INFO, Pattern: (?:\\+\d{1,3}[ -]?)?(?:\\(\d{1,4}\\)[ -]?)?(?:\d[ -]?){6,15}\d
--------------------------------
--- LoadPolicies at 2026-02-07T13:40:55Z ---
Total policies: 7
ID: 23, Name: 기밀 문서 탐지, Severity: CRITICAL, Pattern: CONFIDENTIAL
ID: 27, Name: Universal API Key Detection, Severity: CRITICAL, Pattern: [a-zA-Z0-9_\\-]{32,}
ID: 74, Name: Universal API Key Detection, Severity: CRITICAL, Pattern: (?i)(?:sk_live_[0-9a-zA-Z]{24,})
ID: 24, Name: 민감 데이터 탐지, Severity: WARNING, Pattern: INTERNAL_ONLY
ID: 28, Name: MyShop Internal Code, Severity: WARNING, Pattern: MYSHOP_INTERNAL
ID: 25, Name: 이메일 마스킹, Severity: INFO, Pattern: [a-zA-Z0-9._%+-]+@[a-zA-Z0-9.-]+\\.[a-zA-Z]{2,}
ID: 26, Name: 전화번호 마스킹, Severity: INFO, Pattern: (?:\\+\d{1,3}[ -]?)?(?:\\(\d{1,4}\\)[ -]?)?(?:\d[ -]?){6,15}\d
--------------------------------
--- LoadPolicies at 2026-02-07T13:49:30Z ---
Total policies: 7
ID: 23, Name: 기밀 문서 탐지, Severity: CRITICAL, Pattern: CONFIDENTIAL
ID: 27, Name: Universal API Key Detection, Severity: CRITICAL, Pattern: [a-zA-Z0-9_\\-]{32,}
ID: 74, Name: Universal API Key Detection, Severity: CRITICAL, Pattern: (?i)(?:sk_live_[0-9a-zA-Z]{24,})
ID: 24, Name: 민감 데이터 탐지, Severity: WARNING, Pattern: INTERNAL_ONLY
ID: 28, Name: MyShop Internal Code, Severity: WARNING, Pattern: MYSHOP_INTERNAL
ID: 25, Name: 이메일 마스킹, Severity: INFO, Pattern: [a-zA-Z0-9._%+-]+@[a-zA-Z0-9.-]+\\.[a-zA-Z]{2,}
ID: 26, Name: 전화번호 마스킹, Severity: INFO, Pattern: (?:\\+\d{1,3}[ -]?)?(?:\\(\d{1,4}\\)[ -]?)?(?:\d[ -]?){6,15}\d
--------------------------------
--- LoadPolicies at 2026-02-07T13:54:29Z ---
Total policies: 7
ID: 23, Name: 기밀 문서 탐지, Severity: CRITICAL, Pattern: CONFIDENTIAL
ID: 27, Name: Universal API Key Detection, Severity: CRITICAL, Pattern: [a-zA-Z0-9_\\-]{32,}
ID: 74, Name: Universal API Key Detection, Severity: CRITICAL, Pattern: (?i)(?:sk_live_[0-9a-zA-Z]{24,})
ID: 24, Name: 민감 데이터 탐지, Severity: WARNING, Pattern: INTERNAL_ONLY
ID: 28, Name: MyShop Internal Code, Severity: WARNING, Pattern: MYSHOP_INTERNAL
ID: 25, Name: 이메일 마스킹, Severity: INFO, Pattern: [a-zA-Z0-9._%+-]+@[a-zA-Z0-9.-]+\\.[a-zA-Z]{2,}
ID: 26, Name: 전화번호 마스킹, Severity: INFO, Pattern: (?:\\+\d{1,3}[ -]?)?(?:\\(\d{1,4}\\)[ -]?)?(?:\d[ -]?){6,15}\d
--------------------------------
--- LoadPolicies at 2026-02-07T13:58:11Z ---
Total policies: 7
ID: 23, Name: 기밀 문서 탐지, Severity: CRITICAL, Pattern: CONFIDENTIAL
ID: 27, Name: Universal API Key Detection, Severity: CRITICAL, Pattern: [a-zA-Z0-9_\\-]{32,}
ID: 74, Name: Universal API Key Detection, Severity: CRITICAL, Pattern: (?i)(?:sk_live_[0-9a-zA-Z]{24,})
ID: 24, Name: 민감 데이터 탐지, Severity: WARNING, Pattern: INTERNAL_ONLY
ID: 28, Name: MyShop Internal Code, Severity: WARNING, Pattern: MYSHOP_INTERNAL
ID: 25, Name: 이메일 마스킹, Severity: INFO, Pattern: [a-zA-Z0-9._%+-]+@[a-zA-Z0-9.-]+\\.[a-zA-Z]{2,}
ID: 26, Name: 전화번호 마스킹, Severity: INFO, Pattern: (?:\\+\d{1,3}[ -]?)?(?:\\(\d{1,4}\\)[ -]?)?(?:\d[ -]?){6,15}\d
--------------------------------
--- LoadPolicies at 2026-02-07T14:02:19Z ---
Total policies: 7
ID: 23, Name: 기밀 문서 탐지, Severity: CRITICAL, Pattern: CONFIDENTIAL
ID: 27, Name: Universal API Key Detection, Severity: CRITICAL, Pattern: [a-zA-Z0-9_\\-]{32,}
ID: 74, Name: Universal API Key Detection, Severity: CRITICAL, Pattern: (?i)(?:sk_live_[0-9a-zA-Z]{24,})
ID: 24, Name: 민감 데이터 탐지, Severity: WARNING, Pattern: INTERNAL_ONLY
ID: 28, Name: MyShop Internal Code, Severity: WARNING, Pattern: MYSHOP_INTERNAL
ID: 25, Name: 이메일 마스킹, Severity: INFO, Pattern: [a-zA-Z0-9._%+-]+@[a-zA-Z0-9.-]+\\.[a-zA-Z]{2,}
ID: 26, Name: 전화번호 마스킹, Severity: INFO, Pattern: (?:\\+\d{1,3}[ -]?)?(?:\\(\d{1,4}\\)[ -]?)?(?:\d[ -]?){6,15}\d
--------------------------------
--- LoadPolicies at 2026-02-07T14:06:33Z ---
Total policies: 7
ID: 23, Name: 기밀 문서 탐지, Severity: CRITICAL, Pattern: CONFIDENTIAL
ID: 27, Name: Universal API Key Detection, Severity: CRITICAL, Pattern: [a-zA-Z0-9_\\-]{32,}
ID: 74, Name: Universal API Key Detection, Severity: CRITICAL, Pattern: (?i)(?:sk_live_[0-9a-zA-Z]{24,})
ID: 24, Name: 민감 데이터 탐지, Severity: WARNING, Pattern: INTERNAL_ONLY
ID: 28, Name: MyShop Internal Code, Severity: WARNING, Pattern: MYSHOP_INTERNAL
ID: 25, Name: 이메일 마스킹, Severity: INFO, Pattern: [a-zA-Z0-9._%+-]+@[a-zA-Z0-9.-]+\\.[a-zA-Z]{2,}
ID: 26, Name: 전화번호 마스킹, Severity: INFO, Pattern: (?:\\+\d{1,3}[ -]?)?(?:\\(\d{1,4}\\)[ -]?)?(?:\d[ -]?){6,15}\d
--------------------------------
--- LoadPolicies at 2026-02-07T14:11:36Z ---
Total policies: 7
ID: 23, Name: 기밀 문서 탐지, Severity: CRITICAL, Pattern: CONFIDENTIAL
ID: 27, Name: Universal API Key Detection, Severity: CRITICAL, Pattern: [a-zA-Z0-9_\\-]{32,}
ID: 74, Name: Universal API Key Detection, Severity: CRITICAL, Pattern: (?i)(?:sk_live_[0-9a-zA-Z]{24,})
ID: 24, Name: 민감 데이터 탐지, Severity: WARNING, Pattern: INTERNAL_ONLY
ID: 28, Name: MyShop Internal Code, Severity: WARNING, Pattern: MYSHOP_INTERNAL
ID: 25, Name: 이메일 마스킹, Severity: INFO, Pattern: [a-zA-Z0-9._%+-]+@[a-zA-Z0-9.-]+\\.[a-zA-Z]{2,}
ID: 26, Name: 전화번호 마스킹, Severity: INFO, Pattern: (?:\\+\d{1,3}[ -]?)?(?:\\(\d{1,4}\\)[ -]?)?(?:\d[ -]?){6,15}\d
--------------------------------
--- LoadPolicies at 2026-02-07T14:22:15Z ---
Total policies: 7
ID: 23, Name: 기밀 문서 탐지, Severity: CRITICAL, Pattern: CONFIDENTIAL
ID: 27, Name: Universal API Key Detection, Severity: CRITICAL, Pattern: [a-zA-Z0-9_\\-]{32,}
ID: 74, Name: Universal API Key Detection, Severity: CRITICAL, Pattern: (?i)(?:sk_live_[0-9a-zA-Z]{24,})
ID: 24, Name: 민감 데이터 탐지, Severity: WARNING, Pattern: INTERNAL_ONLY
ID: 28, Name: MyShop Internal Code, Severity: WARNING, Pattern: MYSHOP_INTERNAL
ID: 25, Name: 이메일 마스킹, Severity: INFO, Pattern: [a-zA-Z0-9._%+-]+@[a-zA-Z0-9.-]+\\.[a-zA-Z]{2,}
ID: 26, Name: 전화번호 마스킹, Severity: INFO, Pattern: (?:\\+\d{1,3}[ -]?)?(?:\\(\d{1,4}\\)[ -]?)?(?:\d[ -]?){6,15}\d
--------------------------------
--- LoadPolicies at 2026-02-07T14:26:45Z ---
Total policies: 7
ID: 23, Name: 기밀 문서 탐지, Severity: CRITICAL, Pattern: CONFIDENTIAL
ID: 27, Name: Universal API Key Detection, Severity: CRITICAL, Pattern: [a-zA-Z0-9_\\-]{32,}
ID: 74, Name: Universal API Key Detection, Severity: CRITICAL, Pattern: (?i)(?:sk_live_[0-9a-zA-Z]{24,})
ID: 24, Name: 민감 데이터 탐지, Severity: WARNING, Pattern: INTERNAL_ONLY
ID: 28, Name: MyShop Internal Code, Severity: WARNING, Pattern: MYSHOP_INTERNAL
ID: 25, Name: 이메일 마스킹, Severity: INFO, Pattern: [a-zA-Z0-9._%+-]+@[a-zA-Z0-9.-]+\\.[a-zA-Z]{2,}
ID: 26, Name: 전화번호 마스킹, Severity: INFO, Pattern: (?:\\+\d{1,3}[ -]?)?(?:\\(\d{1,4}\\)[ -]?)?(?:\d[ -]?){6,15}\d
--------------------------------
--- LoadPolicies at 2026-02-07T14:29:52Z ---
Total policies: 7
ID: 23, Name: 기밀 문서 탐지, Severity: CRITICAL, Pattern: CONFIDENTIAL
ID: 27, Name: Universal API Key Detection, Severity: CRITICAL, Pattern: [a-zA-Z0-9_\\-]{32,}
ID: 74, Name: Universal API Key Detection, Severity: CRITICAL, Pattern: (?i)(?:sk_live_[0-9a-zA-Z]{24,})
ID: 24, Name: 민감 데이터 탐지, Severity: WARNING, Pattern: INTERNAL_ONLY
ID: 28, Name: MyShop Internal Code, Severity: WARNING, Pattern: MYSHOP_INTERNAL
ID: 25, Name: 이메일 마스킹, Severity: INFO, Pattern: [a-zA-Z0-9._%+-]+@[a-zA-Z0-9.-]+\\.[a-zA-Z]{2,}
ID: 26, Name: 전화번호 마스킹, Severity: INFO, Pattern: (?:\\+\d{1,3}[ -]?)?(?:\\(\d{1,4}\\)[ -]?)?(?:\d[ -]?){6,15}\d
--------------------------------
--- LoadPolicies at 2026-02-07T14:32:53Z ---
Total policies: 7
ID: 23, Name: 기밀 문서 탐지, Severity: CRITICAL, Pattern: CONFIDENTIAL
ID: 27, Name: Universal API Key Detection, Severity: CRITICAL, Pattern: [a-zA-Z0-9_\\-]{32,}
ID: 74, Name: Universal API Key Detection, Severity: CRITICAL, Pattern: (?i)(?:sk_live_[0-9a-zA-Z]{24,})
ID: 24, Name: 민감 데이터 탐지, Severity: WARNING, Pattern: INTERNAL_ONLY
ID: 28, Name: MyShop Internal Code, Severity: WARNING, Pattern: MYSHOP_INTERNAL
ID: 25, Name: 이메일 마스킹, Severity: INFO, Pattern: [a-zA-Z0-9._%+-]+@[a-zA-Z0-9.-]+\\.[a-zA-Z]{2,}
ID: 26, Name: 전화번호 마스킹, Severity: INFO, Pattern: (?:\\+\d{1,3}[ -]?)?(?:\\(\d{1,4}\\)[ -]?)?(?:\d[ -]?){6,15}\d
--------------------------------
--- LoadPolicies at 2026-02-07T14:35:24Z ---
Total policies: 7
ID: 23, Name: 기밀 문서 탐지, Severity: CRITICAL, Pattern: CONFIDENTIAL
ID: 27, Name: Universal API Key Detection, Severity: CRITICAL, Pattern: [a-zA-Z0-9_\\-]{32,}
ID: 74, Name: Universal API Key Detection, Severity: CRITICAL, Pattern: (?i)(?:sk_live_[0-9a-zA-Z]{24,})
ID: 24, Name: 민감 데이터 탐지, Severity: WARNING, Pattern: INTERNAL_ONLY
ID: 28, Name: MyShop Internal Code, Severity: WARNING, Pattern: MYSHOP_INTERNAL
ID: 25, Name: 이메일 마스킹, Severity: INFO, Pattern: [a-zA-Z0-9._%+-]+@[a-zA-Z0-9.-]+\\.[a-zA-Z]{2,}
ID: 26, Name: 전화번호 마스킹, Severity: INFO, Pattern: (?:\\+\d{1,3}[ -]?)?(?:\\(\d{1,4}\\)[ -]?)?(?:\d[ -]?){6,15}\d
--------------------------------
--- LoadPolicies at 2026-02-07T14:40:39Z ---
Total policies: 7
ID: 23, Name: 기밀 문서 탐지, Severity: CRITICAL, Pattern: CONFIDENTIAL
ID: 27, Name: Universal API Key Detection, Severity: CRITICAL, Pattern: [a-zA-Z0-9_\\-]{32,}
ID: 74, Name: Universal API Key Detection, Severity: CRITICAL, Pattern: (?i)(?:sk_live_[0-9a-zA-Z]{24,})
ID: 24, Name: 민감 데이터 탐지, Severity: WARNING, Pattern: INTERNAL_ONLY
ID: 28, Name: MyShop Internal Code, Severity: WARNING, Pattern: MYSHOP_INTERNAL
ID: 25, Name: 이메일 마스킹, Severity: INFO, Pattern: [a-zA-Z0-9._%+-]+@[a-zA-Z0-9.-]+\\.[a-zA-Z]{2,}
ID: 26, Name: 전화번호 마스킹, Severity: INFO, Pattern: (?:\\+\d{1,3}[ -]?)?(?:\\(\d{1,4}\\)[ -]?)?(?:\d[ -]?){6,15}\d
--------------------------------
--- LoadPolicies at 2026-02-07T14:48:36Z ---
Total policies: 7
ID: 23, Name: 기밀 문서 탐지, Severity: CRITICAL, Pattern: CONFIDENTIAL
ID: 27, Name: Universal API Key Detection, Severity: CRITICAL, Pattern: [a-zA-Z0-9_\\-]{32,}
ID: 74, Name: Universal API Key Detection, Severity: CRITICAL, Pattern: (?i)(?:sk_live_[0-9a-zA-Z]{24,})
ID: 24, Name: 민감 데이터 탐지, Severity: WARNING, Pattern: INTERNAL_ONLY
ID: 28, Name: MyShop Internal Code, Severity: WARNING, Pattern: MYSHOP_INTERNAL
ID: 25, Name: 이메일 마스킹, Severity: INFO, Pattern: [a-zA-Z0-9._%+-]+@[a-zA-Z0-9.-]+\\.[a-zA-Z]{2,}
ID: 26, Name: 전화번호 마스킹, Severity: INFO, Pattern: (?:\\+\d{1,3}[ -]?)?(?:\\(\d{1,4}\\)[ -]?)?(?:\d[ -]?){6,15}\d
--------------------------------
--- LoadPolicies at 2026-02-08T03:51:20Z ---
Total policies: 7
ID: 23, Name: 기밀 문서 탐지, Severity: CRITICAL, Pattern: CONFIDENTIAL
ID: 27, Name: Universal API Key Detection, Severity: CRITICAL, Pattern: [a-zA-Z0-9_\\-]{32,}
ID: 74, Name: Universal API Key Detection, Severity: CRITICAL, Pattern: (?i)(?:sk_live_[0-9a-zA-Z]{24,})
ID: 24, Name: 민감 데이터 탐지, Severity: WARNING, Pattern: INTERNAL_ONLY
ID: 28, Name: MyShop Internal Code, Severity: WARNING, Pattern: MYSHOP_INTERNAL
ID: 25, Name: 이메일 마스킹, Severity: INFO, Pattern: [a-zA-Z0-9._%+-]+@[a-zA-Z0-9.-]+\\.[a-zA-Z]{2,}
ID: 26, Name: 전화번호 마스킹, Severity: INFO, Pattern: (?:\\+\d{1,3}[ -]?)?(?:\\(\d{1,4}\\)[ -]?)?(?:\d[ -]?){6,15}\d
--------------------------------
--- LoadPolicies at 2026-02-08T08:40:24Z ---
Total policies: 7
ID: 23, Name: 기밀 문서 탐지, Severity: CRITICAL, Pattern: CONFIDENTIAL
ID: 27, Name: Universal API Key Detection, Severity: CRITICAL, Pattern: [a-zA-Z0-9_\\-]{32,}
ID: 74, Name: Universal API Key Detection, Severity: CRITICAL, Pattern: (?i)(?:sk_live_[0-9a-zA-Z]{24,})
ID: 24, Name: 민감 데이터 탐지, Severity: WARNING, Pattern: INTERNAL_ONLY
ID: 28, Name: MyShop Internal Code, Severity: WARNING, Pattern: MYSHOP_INTERNAL
ID: 25, Name: 이메일 마스킹, Severity: INFO, Pattern: [a-zA-Z0-9._%+-]+@[a-zA-Z0-9.-]+\\.[a-zA-Z]{2,}
ID: 26, Name: 전화번호 마스킹, Severity: INFO, Pattern: (?:\\+\d{1,3}[ -]?)?(?:\\(\d{1,4}\\)[ -]?)?(?:\d[ -]?){6,15}\d
--------------------------------
--- LoadPolicies at 2026-02-08T08:50:58Z ---
Total policies: 7
ID: 23, Name: 기밀 문서 탐지, Severity: CRITICAL, Pattern: CONFIDENTIAL
ID: 27, Name: Universal API Key Detection, Severity: CRITICAL, Pattern: [a-zA-Z0-9_\\-]{32,}
ID: 74, Name: Universal API Key Detection, Severity: CRITICAL, Pattern: (?i)(?:sk_live_[0-9a-zA-Z]{24,})
ID: 24, Name: 민감 데이터 탐지, Severity: WARNING, Pattern: INTERNAL_ONLY
ID: 28, Name: MyShop Internal Code, Severity: WARNING, Pattern: MYSHOP_INTERNAL
ID: 25, Name: 이메일 마스킹, Severity: INFO, Pattern: [a-zA-Z0-9._%+-]+@[a-zA-Z0-9.-]+\\.[a-zA-Z]{2,}
ID: 26, Name: 전화번호 마스킹, Severity: INFO, Pattern: (?:\\+\d{1,3}[ -]?)?(?:\\(\d{1,4}\\)[ -]?)?(?:\d[ -]?){6,15}\d
--------------------------------
--- LoadPolicies at 2026-02-08T08:53:38Z ---
Total policies: 7
ID: 23, Name: 기밀 문서 탐지, Severity: CRITICAL, Pattern: CONFIDENTIAL
ID: 27, Name: Universal API Key Detection, Severity: CRITICAL, Pattern: [a-zA-Z0-9_\\-]{32,}
ID: 74, Name: Universal API Key Detection, Severity: CRITICAL, Pattern: (?i)(?:sk_live_[0-9a-zA-Z]{24,})
ID: 24, Name: 민감 데이터 탐지, Severity: WARNING, Pattern: INTERNAL_ONLY
ID: 28, Name: MyShop Internal Code, Severity: WARNING, Pattern: MYSHOP_INTERNAL
ID: 25, Name: 이메일 마스킹, Severity: INFO, Pattern: [a-zA-Z0-9._%+-]+@[a-zA-Z0-9.-]+\\.[a-zA-Z]{2,}
ID: 26, Name: 전화번호 마스킹, Severity: INFO, Pattern: (?:\\+\d{1,3}[ -]?)?(?:\\(\d{1,4}\\)[ -]?)?(?:\d[ -]?){6,15}\d
--------------------------------
--- LoadPolicies at 2026-02-08T09:01:15Z ---
Total policies: 7
ID: 23, Name: 기밀 문서 탐지, Severity: CRITICAL, Pattern: CONFIDENTIAL
ID: 27, Name: Universal API Key Detection, Severity: CRITICAL, Pattern: [a-zA-Z0-9_\\-]{32,}
ID: 74, Name: Universal API Key Detection, Severity: CRITICAL, Pattern: (?i)(?:sk_live_[0-9a-zA-Z]{24,})
ID: 24, Name: 민감 데이터 탐지, Severity: WARNING, Pattern: INTERNAL_ONLY
ID: 28, Name: MyShop Internal Code, Severity: WARNING, Pattern: MYSHOP_INTERNAL
ID: 25, Name: 이메일 마스킹, Severity: INFO, Pattern: [a-zA-Z0-9._%+-]+@[a-zA-Z0-9.-]+\\.[a-zA-Z]{2,}
ID: 26, Name: 전화번호 마스킹, Severity: INFO, Pattern: (?:\\+\d{1,3}[ -]?)?(?:\\(\d{1,4}\\)[ -]?)?(?:\d[ -]?){6,15}\d
--------------------------------
--- LoadPolicies at 2026-02-08T09:03:23Z ---
Total policies: 7
ID: 23, Name: 기밀 문서 탐지, Severity: CRITICAL, Pattern: CONFIDENTIAL
ID: 27, Name: Universal API Key Detection, Severity: CRITICAL, Pattern: [a-zA-Z0-9_\\-]{32,}
ID: 74, Name: Universal API Key Detection, Severity: CRITICAL, Pattern: (?i)(?:sk_live_[0-9a-zA-Z]{24,})
ID: 24, Name: 민감 데이터 탐지, Severity: WARNING, Pattern: INTERNAL_ONLY
ID: 28, Name: MyShop Internal Code, Severity: WARNING, Pattern: MYSHOP_INTERNAL
ID: 25, Name: 이메일 마스킹, Severity: INFO, Pattern: [a-zA-Z0-9._%+-]+@[a-zA-Z0-9.-]+\\.[a-zA-Z]{2,}
ID: 26, Name: 전화번호 마스킹, Severity: INFO, Pattern: (?:\\+\d{1,3}[ -]?)?(?:\\(\d{1,4}\\)[ -]?)?(?:\d[ -]?){6,15}\d
--------------------------------
--- LoadPolicies at 2026-02-08T09:08:07Z ---
Total policies: 7
ID: 23, Name: 기밀 문서 탐지, Severity: CRITICAL, Pattern: CONFIDENTIAL
ID: 27, Name: Universal API Key Detection, Severity: CRITICAL, Pattern: [a-zA-Z0-9_\\-]{32,}
ID: 74, Name: Universal API Key Detection, Severity: CRITICAL, Pattern: (?i)(?:sk_live_[0-9a-zA-Z]{24,})
ID: 24, Name: 민감 데이터 탐지, Severity: WARNING, Pattern: INTERNAL_ONLY
ID: 28, Name: MyShop Internal Code, Severity: WARNING, Pattern: MYSHOP_INTERNAL
ID: 25, Name: 이메일 마스킹, Severity: INFO, Pattern: [a-zA-Z0-9._%+-]+@[a-zA-Z0-9.-]+\\.[a-zA-Z]{2,}
ID: 26, Name: 전화번호 마스킹, Severity: INFO, Pattern: (?:\\+\d{1,3}[ -]?)?(?:\\(\d{1,4}\\)[ -]?)?(?:\d[ -]?){6,15}\d
--------------------------------
--- LoadPolicies at 2026-02-08T09:12:10Z ---
Total policies: 7
ID: 23, Name: 기밀 문서 탐지, Severity: CRITICAL, Pattern: CONFIDENTIAL
ID: 27, Name: Universal API Key Detection, Severity: CRITICAL, Pattern: [a-zA-Z0-9_\\-]{32,}
ID: 74, Name: Universal API Key Detection, Severity: CRITICAL, Pattern: (?i)(?:sk_live_[0-9a-zA-Z]{24,})
ID: 24, Name: 민감 데이터 탐지, Severity: WARNING, Pattern: INTERNAL_ONLY
ID: 28, Name: MyShop Internal Code, Severity: WARNING, Pattern: MYSHOP_INTERNAL
ID: 25, Name: 이메일 마스킹, Severity: INFO, Pattern: [a-zA-Z0-9._%+-]+@[a-zA-Z0-9.-]+\\.[a-zA-Z]{2,}
ID: 26, Name: 전화번호 마스킹, Severity: INFO, Pattern: (?:\\+\d{1,3}[ -]?)?(?:\\(\d{1,4}\\)[ -]?)?(?:\d[ -]?){6,15}\d
--------------------------------
--- LoadPolicies at 2026-02-08T09:32:30Z ---
Total policies: 7
ID: 23, Name: 기밀 문서 탐지, Severity: CRITICAL, Pattern: CONFIDENTIAL
ID: 27, Name: Universal API Key Detection, Severity: CRITICAL, Pattern: [a-zA-Z0-9_\\-]{32,}
ID: 74, Name: Universal API Key Detection, Severity: CRITICAL, Pattern: (?i)(?:sk_live_[0-9a-zA-Z]{24,})
ID: 24, Name: 민감 데이터 탐지, Severity: WARNING, Pattern: INTERNAL_ONLY
ID: 28, Name: MyShop Internal Code, Severity: WARNING, Pattern: MYSHOP_INTERNAL
ID: 25, Name: 이메일 마스킹, Severity: INFO, Pattern: [a-zA-Z0-9._%+-]+@[a-zA-Z0-9.-]+\\.[a-zA-Z]{2,}
ID: 26, Name: 전화번호 마스킹, Severity: INFO, Pattern: (?:\\+\d{1,3}[ -]?)?(?:\\(\d{1,4}\\)[ -]?)?(?:\d[ -]?){6,15}\d
--------------------------------
--- LoadPolicies at 2026-02-08T10:17:13Z ---
Total policies: 7
ID: 23, Name: 기밀 문서 탐지, Severity: CRITICAL, Pattern: CONFIDENTIAL
ID: 27, Name: Universal API Key Detection, Severity: CRITICAL, Pattern: [a-zA-Z0-9_\\-]{32,}
ID: 74, Name: Universal API Key Detection, Severity: CRITICAL, Pattern: (?i)(?:sk_live_[0-9a-zA-Z]{24,})
ID: 24, Name: 민감 데이터 탐지, Severity: WARNING, Pattern: INTERNAL_ONLY
ID: 28, Name: MyShop Internal Code, Severity: WARNING, Pattern: MYSHOP_INTERNAL
ID: 25, Name: 이메일 마스킹, Severity: INFO, Pattern: [a-zA-Z0-9._%+-]+@[a-zA-Z0-9.-]+\\.[a-zA-Z]{2,}
ID: 26, Name: 전화번호 마스킹, Severity: INFO, Pattern: (?:\\+\d{1,3}[ -]?)?(?:\\(\d{1,4}\\)[ -]?)?(?:\d[ -]?){6,15}\d
--------------------------------
--- LoadPolicies at 2026-02-09T04:35:57Z ---
Total policies: 7
ID: 23, Name: 기밀 문서 탐지, Severity: CRITICAL, Pattern: CONFIDENTIAL
ID: 27, Name: Universal API Key Detection, Severity: CRITICAL, Pattern: [a-zA-Z0-9_\\-]{32,}
ID: 74, Name: Universal API Key Detection, Severity: CRITICAL, Pattern: (?i)(?:sk_live_[0-9a-zA-Z]{24,})
ID: 24, Name: 민감 데이터 탐지, Severity: WARNING, Pattern: INTERNAL_ONLY
ID: 28, Name: MyShop Internal Code, Severity: WARNING, Pattern: MYSHOP_INTERNAL
ID: 25, Name: 이메일 마스킹, Severity: INFO, Pattern: [a-zA-Z0-9._%+-]+@[a-zA-Z0-9.-]+\\.[a-zA-Z]{2,}
ID: 26, Name: 전화번호 마스킹, Severity: INFO, Pattern: (?:\\+\d{1,3}[ -]?)?(?:\\(\d{1,4}\\)[ -]?)?(?:\d[ -]?){6,15}\d
--------------------------------
--- LoadPolicies at 2026-02-09T04:37:29Z ---
Total policies: 7
ID: 23, Name: 기밀 문서 탐지, Severity: CRITICAL, Pattern: CONFIDENTIAL
ID: 27, Name: Universal API Key Detection, Severity: CRITICAL, Pattern: [a-zA-Z0-9_\\-]{32,}
ID: 74, Name: Universal API Key Detection, Severity: CRITICAL, Pattern: (?i)(?:sk_live_[0-9a-zA-Z]{24,})
ID: 24, Name: 민감 데이터 탐지, Severity: WARNING, Pattern: INTERNAL_ONLY
ID: 28, Name: MyShop Internal Code, Severity: WARNING, Pattern: MYSHOP_INTERNAL
ID: 25, Name: 이메일 마스킹, Severity: INFO, Pattern: [a-zA-Z0-9._%+-]+@[a-zA-Z0-9.-]+\\.[a-zA-Z]{2,}
ID: 26, Name: 전화번호 마스킹, Severity: INFO, Pattern: (?:\\+\d{1,3}[ -]?)?(?:\\(\d{1,4}\\)[ -]?)?(?:\d[ -]?){6,15}\d
--------------------------------
--- LoadPolicies at 2026-02-09T09:22:25Z ---
Total policies: 7
ID: 23, Name: 기밀 문서 탐지, Severity: CRITICAL, Pattern: CONFIDENTIAL
ID: 27, Name: Universal API Key Detection, Severity: CRITICAL, Pattern: [a-zA-Z0-9_\\-]{32,}
ID: 74, Name: Universal API Key Detection, Severity: CRITICAL, Pattern: (?i)(?:sk_live_[0-9a-zA-Z]{24,})
ID: 24, Name: 민감 데이터 탐지, Severity: WARNING, Pattern: INTERNAL_ONLY
ID: 28, Name: MyShop Internal Code, Severity: WARNING, Pattern: MYSHOP_INTERNAL
ID: 25, Name: 이메일 마스킹, Severity: INFO, Pattern: [a-zA-Z0-9._%+-]+@[a-zA-Z0-9.-]+\\.[a-zA-Z]{2,}
ID: 26, Name: 전화번호 마스킹, Severity: INFO, Pattern: (?:\\+\d{1,3}[ -]?)?(?:\\(\d{1,4}\\)[ -]?)?(?:\d[ -]?){6,15}\d
--------------------------------
--- LoadPolicies at 2026-02-09T15:27:38Z ---
Total policies: 7
ID: 23, Name: 기밀 문서 탐지, Severity: CRITICAL, Pattern: CONFIDENTIAL
ID: 27, Name: Universal API Key Detection, Severity: CRITICAL, Pattern: [a-zA-Z0-9_\\-]{32,}
ID: 74, Name: Universal API Key Detection, Severity: CRITICAL, Pattern: (?i)(?:sk_live_[0-9a-zA-Z]{24,})
ID: 24, Name: 민감 데이터 탐지, Severity: WARNING, Pattern: INTERNAL_ONLY
ID: 28, Name: MyShop Internal Code, Severity: WARNING, Pattern: MYSHOP_INTERNAL
ID: 25, Name: 이메일 마스킹, Severity: INFO, Pattern: [a-zA-Z0-9._%+-]+@[a-zA-Z0-9.-]+\\.[a-zA-Z]{2,}
ID: 26, Name: 전화번호 마스킹, Severity: INFO, Pattern: (?:\\+\d{1,3}[ -]?)?(?:\\(\d{1,4}\\)[ -]?)?(?:\d[ -]?){6,15}\d
--------------------------------
--- LoadPolicies at 2026-02-09T15:46:08Z ---
Total policies: 7
ID: 23, Name: 기밀 문서 탐지, Severity: CRITICAL, Pattern: CONFIDENTIAL
ID: 27, Name: Universal API Key Detection, Severity: CRITICAL, Pattern: [a-zA-Z0-9_\\-]{32,}
ID: 74, Name: Universal API Key Detection, Severity: CRITICAL, Pattern: (?i)(?:sk_live_[0-9a-zA-Z]{24,})
ID: 24, Name: 민감 데이터 탐지, Severity: WARNING, Pattern: INTERNAL_ONLY
ID: 28, Name: MyShop Internal Code, Severity: WARNING, Pattern: MYSHOP_INTERNAL
ID: 25, Name: 이메일 마스킹, Severity: INFO, Pattern: [a-zA-Z0-9._%+-]+@[a-zA-Z0-9.-]+\\.[a-zA-Z]{2,}
ID: 26, Name: 전화번호 마스킹, Severity: INFO, Pattern: (?:\\+\d{1,3}[ -]?)?(?:\\(\d{1,4}\\)[ -]?)?(?:\d[ -]?){6,15}\d
--------------------------------
--- LoadPolicies at 2026-02-09T15:51:27Z ---
Total policies: 7
ID: 23, Name: 기밀 문서 탐지, Severity: CRITICAL, Pattern: CONFIDENTIAL
ID: 27, Name: Universal API Key Detection, Severity: CRITICAL, Pattern: [a-zA-Z0-9_\\-]{32,}
ID: 74, Name: Universal API Key Detection, Severity: CRITICAL, Pattern: (?i)(?:sk_live_[0-9a-zA-Z]{24,})
ID: 24, Name: 민감 데이터 탐지, Severity: WARNING, Pattern: INTERNAL_ONLY
ID: 28, Name: MyShop Internal Code, Severity: WARNING, Pattern: MYSHOP_INTERNAL
ID: 25, Name: 이메일 마스킹, Severity: INFO, Pattern: [a-zA-Z0-9._%+-]+@[a-zA-Z0-9.-]+\\.[a-zA-Z]{2,}
ID: 26, Name: 전화번호 마스킹, Severity: INFO, Pattern: (?:\\+\d{1,3}[ -]?)?(?:\\(\d{1,4}\\)[ -]?)?(?:\d[ -]?){6,15}\d
--------------------------------
--- LoadPolicies at 2026-02-09T16:05:43Z ---
Total policies: 7
ID: 23, Name: 기밀 문서 탐지, Severity: CRITICAL, Pattern: CONFIDENTIAL
ID: 27, Name: Universal API Key Detection, Severity: CRITICAL, Pattern: [a-zA-Z0-9_\\-]{32,}
ID: 74, Name: Universal API Key Detection, Severity: CRITICAL, Pattern: (?i)(?:sk_live_[0-9a-zA-Z]{24,})
ID: 24, Name: 민감 데이터 탐지, Severity: WARNING, Pattern: INTERNAL_ONLY
ID: 28, Name: MyShop Internal Code, Severity: WARNING, Pattern: MYSHOP_INTERNAL
ID: 25, Name: 이메일 마스킹, Severity: INFO, Pattern: [a-zA-Z0-9._%+-]+@[a-zA-Z0-9.-]+\\.[a-zA-Z]{2,}
ID: 26, Name: 전화번호 마스킹, Severity: INFO, Pattern: (?:\\+\d{1,3}[ -]?)?(?:\\(\d{1,4}\\)[ -]?)?(?:\d[ -]?){6,15}\d
--------------------------------
--- LoadPolicies at 2026-02-09T16:21:35Z ---
Total policies: 7
ID: 23, Name: 기밀 문서 탐지, Severity: CRITICAL, Pattern: CONFIDENTIAL
ID: 27, Name: Universal API Key Detection, Severity: CRITICAL, Pattern: [a-zA-Z0-9_\\-]{32,}
ID: 74, Name: Universal API Key Detection, Severity: CRITICAL, Pattern: (?i)(?:sk_live_[0-9a-zA-Z]{24,})
ID: 24, Name: 민감 데이터 탐지, Severity: WARNING, Pattern: INTERNAL_ONLY
ID: 28, Name: MyShop Internal Code, Severity: WARNING, Pattern: MYSHOP_INTERNAL
ID: 25, Name: 이메일 마스킹, Severity: INFO, Pattern: [a-zA-Z0-9._%+-]+@[a-zA-Z0-9.-]+\\.[a-zA-Z]{2,}
ID: 26, Name: 전화번호 마스킹, Severity: INFO, Pattern: (?:\\+\d{1,3}[ -]?)?(?:\\(\d{1,4}\\)[ -]?)?(?:\d[ -]?){6,15}\d
--------------------------------
--- LoadPolicies at 2026-02-09T16:42:38Z ---
Total policies: 6
ID: 27, Name: Universal API Key Detection, Severity: CRITICAL, Pattern: [a-zA-Z0-9_\\-]{32,}
ID: 74, Name: Universal API Key Detection, Severity: CRITICAL, Pattern: (?i)(?:sk_live_[0-9a-zA-Z]{24,})
ID: 24, Name: 민감 데이터 탐지, Severity: WARNING, Pattern: (prod|credential|token|secret|password|privatekey|ssh)
ID: 28, Name: MyShop Internal Code, Severity: WARNING, Pattern: MYSHOP_INTERNAL
ID: 25, Name: 이메일 마스킹, Severity: INFO, Pattern: [a-zA-Z0-9._%+-]+@[a-zA-Z0-9.-]+\\.[a-zA-Z]{2,}
ID: 26, Name: 전화번호 마스킹, Severity: INFO, Pattern: (?:\\+\d{1,3}[ -]?)?(?:\\(\d{1,4}\\)[ -]?)?(?:\d[ -]?){6,15}\d
--------------------------------
--- LoadPolicies at 2026-02-09T17:03:18Z ---
Total policies: 7
ID: 27, Name: Universal API Key Detection, Severity: CRITICAL, Pattern: [a-zA-Z0-9_\\-]{32,}
ID: 74, Name: Universal API Key Detection, Severity: CRITICAL, Pattern: (?i)(?:sk_live_[0-9a-zA-Z]{24,})
ID: 77, Name: Cencurity Code Analysis, Severity: CRITICAL, Pattern: a^
ID: 24, Name: 민감 데이터 탐지, Severity: WARNING, Pattern: (prod|credential|token|secret|password|privatekey|ssh)
ID: 28, Name: MyShop Internal Code, Severity: WARNING, Pattern: MYSHOP_INTERNAL
ID: 25, Name: 이메일 마스킹, Severity: INFO, Pattern: [a-zA-Z0-9._%+-]+@[a-zA-Z0-9.-]+\\.[a-zA-Z]{2,}
ID: 26, Name: 전화번호 마스킹, Severity: INFO, Pattern: (?:\\+\d{1,3}[ -]?)?(?:\\(\d{1,4}\\)[ -]?)?(?:\d[ -]?){6,15}\d
--------------------------------
--- LoadPolicies at 2026-02-09T17:14:27Z ---
Total policies: 7
ID: 27, Name: Universal API Key Detection, Severity: CRITICAL, Pattern: [a-zA-Z0-9_\\-]{32,}
ID: 74, Name: Universal API Key Detection, Severity: CRITICAL, Pattern: (?i)(?:sk_live_[0-9a-zA-Z]{24,})
ID: 77, Name: Cencurity Code Analysis, Severity: CRITICAL, Pattern: a^
ID: 24, Name: 민감 데이터 탐지, Severity: WARNING, Pattern: (prod|credential|token|secret|password|privatekey|ssh)
ID: 28, Name: MyShop Internal Code, Severity: WARNING, Pattern: MYSHOP_INTERNAL
ID: 25, Name: 이메일 마스킹, Severity: INFO, Pattern: [a-zA-Z0-9._%+-]+@[a-zA-Z0-9.-]+\\.[a-zA-Z]{2,}
ID: 26, Name: 전화번호 마스킹, Severity: INFO, Pattern: (?:\\+\d{1,3}[ -]?)?(?:\\(\d{1,4}\\)[ -]?)?(?:\d[ -]?){6,15}\d
--------------------------------
--- LoadPolicies at 2026-02-09T17:27:11Z ---
Total policies: 7
ID: 27, Name: Universal API Key Detection, Severity: CRITICAL, Pattern: [a-zA-Z0-9_\\-]{32,}
ID: 74, Name: Universal API Key Detection, Severity: CRITICAL, Pattern: (?i)(?:sk_live_[0-9a-zA-Z]{24,})
ID: 77, Name: Cencurity Code Analysis, Severity: CRITICAL, Pattern: a^
ID: 24, Name: 민감 데이터 탐지, Severity: WARNING, Pattern: (prod|credential|token|secret|password|privatekey|ssh)
ID: 28, Name: MyShop Internal Code, Severity: WARNING, Pattern: MYSHOP_INTERNAL
ID: 25, Name: 이메일 마스킹, Severity: INFO, Pattern: [a-zA-Z0-9._%+-]+@[a-zA-Z0-9.-]+\\.[a-zA-Z]{2,}
ID: 26, Name: 전화번호 마스킹, Severity: INFO, Pattern: (?:\\+\d{1,3}[ -]?)?(?:\\(\d{1,4}\\)[ -]?)?(?:\d[ -]?){6,15}\d
--------------------------------
--- LoadPolicies at 2026-02-09T17:36:19Z ---
Total policies: 7
ID: 27, Name: Universal API Key Detection, Severity: CRITICAL, Pattern: [a-zA-Z0-9_\\-]{32,}
ID: 74, Name: Universal API Key Detection, Severity: CRITICAL, Pattern: (?i)(?:sk_live_[0-9a-zA-Z]{24,})
ID: 77, Name: Cencurity Code Analysis, Severity: CRITICAL, Pattern: a^
ID: 24, Name: 민감 데이터 탐지, Severity: WARNING, Pattern: (prod|credential|token|secret|password|privatekey|ssh)
ID: 28, Name: MyShop Internal Code, Severity: WARNING, Pattern: MYSHOP_INTERNAL
ID: 25, Name: 이메일 마스킹, Severity: INFO, Pattern: [a-zA-Z0-9._%+-]+@[a-zA-Z0-9.-]+\\.[a-zA-Z]{2,}
ID: 26, Name: 전화번호 마스킹, Severity: INFO, Pattern: (?:\\+\d{1,3}[ -]?)?(?:\\(\d{1,4}\\)[ -]?)?(?:\d[ -]?){6,15}\d
--------------------------------
--- LoadPolicies at 2026-02-09T17:44:41Z ---
Total policies: 7
ID: 27, Name: Universal API Key Detection, Severity: CRITICAL, Pattern: [a-zA-Z0-9_\\-]{32,}
ID: 74, Name: Universal API Key Detection, Severity: CRITICAL, Pattern: (?i)(?:sk_live_[0-9a-zA-Z]{24,})
ID: 77, Name: Cencurity Code Analysis, Severity: CRITICAL, Pattern: a^
ID: 24, Name: 민감 데이터 탐지, Severity: WARNING, Pattern: (prod|credential|token|secret|password|privatekey|ssh)
ID: 28, Name: MyShop Internal Code, Severity: WARNING, Pattern: MYSHOP_INTERNAL
ID: 25, Name: 이메일 마스킹, Severity: INFO, Pattern: [a-zA-Z0-9._%+-]+@[a-zA-Z0-9.-]+\\.[a-zA-Z]{2,}
ID: 26, Name: 전화번호 마스킹, Severity: INFO, Pattern: (?:\\+\d{1,3}[ -]?)?(?:\\(\d{1,4}\\)[ -]?)?(?:\d[ -]?){6,15}\d
--------------------------------
--- LoadPolicies at 2026-02-09T17:52:40Z ---
Total policies: 7
ID: 27, Name: Universal API Key Detection, Severity: CRITICAL, Pattern: [a-zA-Z0-9_\\-]{32,}
ID: 74, Name: Universal API Key Detection, Severity: CRITICAL, Pattern: (?i)(?:sk_live_[0-9a-zA-Z]{24,})
ID: 77, Name: Cencurity Code Analysis, Severity: CRITICAL, Pattern: a^
ID: 24, Name: 민감 데이터 탐지, Severity: WARNING, Pattern: (prod|credential|token|secret|password|privatekey|ssh)
ID: 28, Name: MyShop Internal Code, Severity: WARNING, Pattern: MYSHOP_INTERNAL
ID: 25, Name: 이메일 마스킹, Severity: INFO, Pattern: [a-zA-Z0-9._%+-]+@[a-zA-Z0-9.-]+\\.[a-zA-Z]{2,}
ID: 26, Name: 전화번호 마스킹, Severity: INFO, Pattern: (?:\\+\d{1,3}[ -]?)?(?:\\(\d{1,4}\\)[ -]?)?(?:\d[ -]?){6,15}\d
--------------------------------
--- LoadPolicies at 2026-02-09T17:59:35Z ---
Total policies: 7
ID: 27, Name: Universal API Key Detection, Severity: CRITICAL, Pattern: [a-zA-Z0-9_\\-]{32,}
ID: 74, Name: Universal API Key Detection, Severity: CRITICAL, Pattern: (?i)(?:sk_live_[0-9a-zA-Z]{24,})
ID: 77, Name: Cencurity Code Analysis, Severity: CRITICAL, Pattern: a^
ID: 24, Name: 민감 데이터 탐지, Severity: WARNING, Pattern: (prod|credential|token|secret|password|privatekey|ssh)
ID: 28, Name: MyShop Internal Code, Severity: WARNING, Pattern: MYSHOP_INTERNAL
ID: 25, Name: 이메일 마스킹, Severity: INFO, Pattern: [a-zA-Z0-9._%+-]+@[a-zA-Z0-9.-]+\\.[a-zA-Z]{2,}
ID: 26, Name: 전화번호 마스킹, Severity: INFO, Pattern: (?:\\+\d{1,3}[ -]?)?(?:\\(\d{1,4}\\)[ -]?)?(?:\d[ -]?){6,15}\d
--------------------------------
--- LoadPolicies at 2026-02-09T18:23:49Z ---
Total policies: 7
ID: 27, Name: Universal API Key Detection, Severity: CRITICAL, Pattern: [a-zA-Z0-9_\\-]{32,}
ID: 74, Name: Universal API Key Detection, Severity: CRITICAL, Pattern: (?i)(?:sk_live_[0-9a-zA-Z]{24,})
ID: 77, Name: Cencurity Code Analysis, Severity: CRITICAL, Pattern: a^
ID: 24, Name: 민감 데이터 탐지, Severity: WARNING, Pattern: (prod|credential|token|secret|password|privatekey|ssh)
ID: 28, Name: MyShop Internal Code, Severity: WARNING, Pattern: MYSHOP_INTERNAL
ID: 25, Name: 이메일 마스킹, Severity: INFO, Pattern: [a-zA-Z0-9._%+-]+@[a-zA-Z0-9.-]+\\.[a-zA-Z]{2,}
ID: 26, Name: 전화번호 마스킹, Severity: INFO, Pattern: (?:\\+\d{1,3}[ -]?)?(?:\\(\d{1,4}\\)[ -]?)?(?:\d[ -]?){6,15}\d
--------------------------------
--- LoadPolicies at 2026-02-09T18:43:59Z ---
Total policies: 2
ID: 1, Name: Cencurity Code Analysis, Severity: CRITICAL, Pattern: a^
ID: 2, Name: Sensitive Data Detection, Severity: INFO, Pattern: (prod|credential|token|secret|password|privatekey|ssh)
--------------------------------
--- LoadPolicies at 2026-02-09T18:50:12Z ---
Total policies: 7
ID: 27, Name: Universal API Key Detection, Severity: CRITICAL, Pattern: [a-zA-Z0-9_\\-]{32,}
ID: 74, Name: Universal API Key Detection, Severity: CRITICAL, Pattern: (?i)(?:sk_live_[0-9a-zA-Z]{24,})
ID: 77, Name: Cencurity Code Analysis, Severity: CRITICAL, Pattern: a^
ID: 24, Name: 민감 데이터 탐지, Severity: WARNING, Pattern: (prod|credential|token|secret|password|privatekey|ssh)
ID: 28, Name: MyShop Internal Code, Severity: WARNING, Pattern: MYSHOP_INTERNAL
ID: 25, Name: 이메일 마스킹, Severity: INFO, Pattern: [a-zA-Z0-9._%+-]+@[a-zA-Z0-9.-]+\\.[a-zA-Z]{2,}
ID: 26, Name: 전화번호 마스킹, Severity: INFO, Pattern: (?:\\+\d{1,3}[ -]?)?(?:\\(\d{1,4}\\)[ -]?)?(?:\d[ -]?){6,15}\d
--------------------------------
--- LoadPolicies at 2026-02-10T03:51:16Z ---
Total policies: 7
ID: 27, Name: Universal API Key Detection, Severity: CRITICAL, Pattern: [a-zA-Z0-9_\\-]{32,}
ID: 74, Name: Universal API Key Detection, Severity: CRITICAL, Pattern: (?i)(?:sk_live_[0-9a-zA-Z]{24,})
ID: 77, Name: Cencurity Code Analysis, Severity: CRITICAL, Pattern: a^
ID: 24, Name: 민감 데이터 탐지, Severity: WARNING, Pattern: (prod|credential|token|secret|password|privatekey|ssh)
ID: 28, Name: MyShop Internal Code, Severity: WARNING, Pattern: MYSHOP_INTERNAL
ID: 25, Name: 이메일 마스킹, Severity: INFO, Pattern: [a-zA-Z0-9._%+-]+@[a-zA-Z0-9.-]+\\.[a-zA-Z]{2,}
ID: 26, Name: 전화번호 마스킹, Severity: INFO, Pattern: (?:\\+\d{1,3}[ -]?)?(?:\\(\d{1,4}\\)[ -]?)?(?:\d[ -]?){6,15}\d
--------------------------------
--- LoadPolicies at 2026-02-10T03:59:55Z ---
Total policies: 7
ID: 27, Name: Universal API Key Detection, Severity: CRITICAL, Pattern: [a-zA-Z0-9_\\-]{32,}
ID: 74, Name: Universal API Key Detection, Severity: CRITICAL, Pattern: (?i)(?:sk_live_[0-9a-zA-Z]{24,})
ID: 77, Name: Cencurity Code Analysis, Severity: CRITICAL, Pattern: a^
ID: 24, Name: 민감 데이터 탐지, Severity: WARNING, Pattern: (prod|credential|token|secret|password|privatekey|ssh)
ID: 28, Name: MyShop Internal Code, Severity: WARNING, Pattern: MYSHOP_INTERNAL
ID: 25, Name: 이메일 마스킹, Severity: INFO, Pattern: [a-zA-Z0-9._%+-]+@[a-zA-Z0-9.-]+\\.[a-zA-Z]{2,}
ID: 26, Name: 전화번호 마스킹, Severity: INFO, Pattern: (?:\\+\d{1,3}[ -]?)?(?:\\(\d{1,4}\\)[ -]?)?(?:\d[ -]?){6,15}\d
--------------------------------
--- LoadPolicies at 2026-02-10T04:04:57Z ---
Total policies: 7
ID: 27, Name: Universal API Key Detection, Severity: CRITICAL, Pattern: [a-zA-Z0-9_\\-]{32,}
ID: 74, Name: Universal API Key Detection, Severity: CRITICAL, Pattern: (?i)(?:sk_live_[0-9a-zA-Z]{24,})
ID: 77, Name: Cencurity Code Analysis, Severity: CRITICAL, Pattern: a^
ID: 24, Name: 민감 데이터 탐지, Severity: WARNING, Pattern: (prod|credential|token|secret|password|privatekey|ssh)
ID: 28, Name: MyShop Internal Code, Severity: WARNING, Pattern: MYSHOP_INTERNAL
ID: 25, Name: 이메일 마스킹, Severity: INFO, Pattern: [a-zA-Z0-9._%+-]+@[a-zA-Z0-9.-]+\\.[a-zA-Z]{2,}
ID: 26, Name: 전화번호 마스킹, Severity: INFO, Pattern: (?:\\+\d{1,3}[ -]?)?(?:\\(\d{1,4}\\)[ -]?)?(?:\d[ -]?){6,15}\d
--------------------------------
--- LoadPolicies at 2026-02-10T04:14:33Z ---
Total policies: 7
ID: 27, Name: Universal API Key Detection, Severity: CRITICAL, Pattern: [a-zA-Z0-9_\\-]{32,}
ID: 74, Name: Universal API Key Detection, Severity: CRITICAL, Pattern: (?i)(?:sk_live_[0-9a-zA-Z]{24,})
ID: 77, Name: Cencurity Code Analysis, Severity: CRITICAL, Pattern: a^
ID: 24, Name: 민감 데이터 탐지, Severity: WARNING, Pattern: (prod|credential|token|secret|password|privatekey|ssh)
ID: 28, Name: MyShop Internal Code, Severity: WARNING, Pattern: MYSHOP_INTERNAL
ID: 25, Name: 이메일 마스킹, Severity: INFO, Pattern: [a-zA-Z0-9._%+-]+@[a-zA-Z0-9.-]+\\.[a-zA-Z]{2,}
ID: 26, Name: 전화번호 마스킹, Severity: INFO, Pattern: (?:\\+\d{1,3}[ -]?)?(?:\\(\d{1,4}\\)[ -]?)?(?:\d[ -]?){6,15}\d
--------------------------------
--- LoadPolicies at 2026-02-10T04:17:25Z ---
Total policies: 7
ID: 27, Name: Universal API Key Detection, Severity: CRITICAL, Pattern: [a-zA-Z0-9_\\-]{32,}
ID: 74, Name: Universal API Key Detection, Severity: CRITICAL, Pattern: (?i)(?:sk_live_[0-9a-zA-Z]{24,})
ID: 77, Name: Cencurity Code Analysis, Severity: CRITICAL, Pattern: a^
ID: 24, Name: 민감 데이터 탐지, Severity: WARNING, Pattern: (prod|credential|token|secret|password|privatekey|ssh)
ID: 28, Name: MyShop Internal Code, Severity: WARNING, Pattern: MYSHOP_INTERNAL
ID: 25, Name: 이메일 마스킹, Severity: INFO, Pattern: [a-zA-Z0-9._%+-]+@[a-zA-Z0-9.-]+\\.[a-zA-Z]{2,}
ID: 26, Name: 전화번호 마스킹, Severity: INFO, Pattern: (?:\\+\d{1,3}[ -]?)?(?:\\(\d{1,4}\\)[ -]?)?(?:\d[ -]?){6,15}\d
--------------------------------
--- LoadPolicies at 2026-02-10T04:26:13Z ---
Total policies: 7
ID: 27, Name: Universal API Key Detection, Severity: CRITICAL, Pattern: [a-zA-Z0-9_\\-]{32,}
ID: 74, Name: Universal API Key Detection, Severity: CRITICAL, Pattern: (?i)(?:sk_live_[0-9a-zA-Z]{24,})
ID: 77, Name: Cencurity Code Analysis, Severity: CRITICAL, Pattern: a^
ID: 24, Name: 민감 데이터 탐지, Severity: WARNING, Pattern: (prod|credential|token|secret|password|privatekey|ssh)
ID: 28, Name: MyShop Internal Code, Severity: WARNING, Pattern: MYSHOP_INTERNAL
ID: 25, Name: 이메일 마스킹, Severity: INFO, Pattern: [a-zA-Z0-9._%+-]+@[a-zA-Z0-9.-]+\\.[a-zA-Z]{2,}
ID: 26, Name: 전화번호 마스킹, Severity: INFO, Pattern: (?:\\+\d{1,3}[ -]?)?(?:\\(\d{1,4}\\)[ -]?)?(?:\d[ -]?){6,15}\d
--------------------------------
--- LoadPolicies at 2026-02-10T05:10:39Z ---
Total policies: 7
ID: 27, Name: Universal API Key Detection, Severity: CRITICAL, Pattern: [a-zA-Z0-9_\\-]{32,}
ID: 74, Name: Universal API Key Detection, Severity: CRITICAL, Pattern: (?i)(?:sk_live_[0-9a-zA-Z]{24,})
ID: 77, Name: Cencurity Code Analysis, Severity: CRITICAL, Pattern: a^
ID: 24, Name: 민감 데이터 탐지, Severity: WARNING, Pattern: (prod|credential|token|secret|password|privatekey|ssh)
ID: 28, Name: MyShop Internal Code, Severity: WARNING, Pattern: MYSHOP_INTERNAL
ID: 25, Name: 이메일 마스킹, Severity: INFO, Pattern: [a-zA-Z0-9._%+-]+@[a-zA-Z0-9.-]+\\.[a-zA-Z]{2,}
ID: 26, Name: 전화번호 마스킹, Severity: INFO, Pattern: (?:\\+\d{1,3}[ -]?)?(?:\\(\d{1,4}\\)[ -]?)?(?:\d[ -]?){6,15}\d
--------------------------------
--- LoadPolicies at 2026-02-10T05:26:08Z ---
Total policies: 7
ID: 27, Name: Universal API Key Detection, Severity: CRITICAL, Pattern: [a-zA-Z0-9_\\-]{32,}
ID: 74, Name: Universal API Key Detection, Severity: CRITICAL, Pattern: (?i)(?:sk_live_[0-9a-zA-Z]{24,})
ID: 77, Name: Cencurity Code Analysis, Severity: CRITICAL, Pattern: a^
ID: 24, Name: 민감 데이터 탐지, Severity: WARNING, Pattern: (prod|credential|token|secret|password|privatekey|ssh)
ID: 28, Name: MyShop Internal Code, Severity: WARNING, Pattern: MYSHOP_INTERNAL
ID: 25, Name: 이메일 마스킹, Severity: INFO, Pattern: [a-zA-Z0-9._%+-]+@[a-zA-Z0-9.-]+\\.[a-zA-Z]{2,}
ID: 26, Name: 전화번호 마스킹, Severity: INFO, Pattern: (?:\\+\d{1,3}[ -]?)?(?:\\(\d{1,4}\\)[ -]?)?(?:\d[ -]?){6,15}\d
--------------------------------
--- LoadPolicies at 2026-02-10T05:33:01Z ---
Total policies: 7
ID: 27, Name: Universal API Key Detection, Severity: CRITICAL, Pattern: [a-zA-Z0-9_\\-]{32,}
ID: 74, Name: Universal API Key Detection, Severity: CRITICAL, Pattern: (?i)(?:sk_live_[0-9a-zA-Z]{24,})
ID: 77, Name: Cencurity Code Analysis, Severity: CRITICAL, Pattern: a^
ID: 24, Name: 민감 데이터 탐지, Severity: WARNING, Pattern: (prod|credential|token|secret|password|privatekey|ssh)
ID: 28, Name: MyShop Internal Code, Severity: WARNING, Pattern: MYSHOP_INTERNAL
ID: 25, Name: 이메일 마스킹, Severity: INFO, Pattern: [a-zA-Z0-9._%+-]+@[a-zA-Z0-9.-]+\\.[a-zA-Z]{2,}
ID: 26, Name: 전화번호 마스킹, Severity: INFO, Pattern: (?:\\+\d{1,3}[ -]?)?(?:\\(\d{1,4}\\)[ -]?)?(?:\d[ -]?){6,15}\d
--------------------------------
--- LoadPolicies at 2026-02-10T05:42:25Z ---
Total policies: 7
ID: 27, Name: Universal API Key Detection, Severity: CRITICAL, Pattern: [a-zA-Z0-9_\\-]{32,}
ID: 74, Name: Universal API Key Detection, Severity: CRITICAL, Pattern: (?i)(?:sk_live_[0-9a-zA-Z]{24,})
ID: 77, Name: Cencurity Code Analysis, Severity: CRITICAL, Pattern: a^
ID: 24, Name: 민감 데이터 탐지, Severity: WARNING, Pattern: (prod|credential|token|secret|password|privatekey|ssh)
ID: 28, Name: MyShop Internal Code, Severity: WARNING, Pattern: MYSHOP_INTERNAL
ID: 25, Name: 이메일 마스킹, Severity: INFO, Pattern: [a-zA-Z0-9._%+-]+@[a-zA-Z0-9.-]+\\.[a-zA-Z]{2,}
ID: 26, Name: 전화번호 마스킹, Severity: INFO, Pattern: (?:\\+\d{1,3}[ -]?)?(?:\\(\d{1,4}\\)[ -]?)?(?:\d[ -]?){6,15}\d
--------------------------------
--- LoadPolicies at 2026-02-10T05:44:40Z ---
Total policies: 7
ID: 27, Name: Universal API Key Detection, Severity: CRITICAL, Pattern: [a-zA-Z0-9_\\-]{32,}
ID: 74, Name: Universal API Key Detection, Severity: CRITICAL, Pattern: (?i)(?:sk_live_[0-9a-zA-Z]{24,})
ID: 77, Name: Cencurity Code Analysis, Severity: CRITICAL, Pattern: a^
ID: 24, Name: 민감 데이터 탐지, Severity: WARNING, Pattern: (prod|credential|token|secret|password|privatekey|ssh)
ID: 28, Name: MyShop Internal Code, Severity: WARNING, Pattern: MYSHOP_INTERNAL
ID: 25, Name: 이메일 마스킹, Severity: INFO, Pattern: [a-zA-Z0-9._%+-]+@[a-zA-Z0-9.-]+\\.[a-zA-Z]{2,}
ID: 26, Name: 전화번호 마스킹, Severity: INFO, Pattern: (?:\\+\d{1,3}[ -]?)?(?:\\(\d{1,4}\\)[ -]?)?(?:\d[ -]?){6,15}\d
--------------------------------
--- LoadPolicies at 2026-02-10T05:50:55Z ---
Total policies: 7
ID: 27, Name: Universal API Key Detection, Severity: CRITICAL, Pattern: [a-zA-Z0-9_\\-]{32,}
ID: 74, Name: Universal API Key Detection, Severity: CRITICAL, Pattern: (?i)(?:sk_live_[0-9a-zA-Z]{24,})
ID: 77, Name: Cencurity Code Analysis, Severity: CRITICAL, Pattern: a^
ID: 24, Name: 민감 데이터 탐지, Severity: WARNING, Pattern: (prod|credential|token|secret|password|privatekey|ssh)
ID: 28, Name: MyShop Internal Code, Severity: WARNING, Pattern: MYSHOP_INTERNAL
ID: 25, Name: 이메일 마스킹, Severity: INFO, Pattern: [a-zA-Z0-9._%+-]+@[a-zA-Z0-9.-]+\\.[a-zA-Z]{2,}
ID: 26, Name: 전화번호 마스킹, Severity: INFO, Pattern: (?:\\+\d{1,3}[ -]?)?(?:\\(\d{1,4}\\)[ -]?)?(?:\d[ -]?){6,15}\d
--------------------------------
--- LoadPolicies at 2026-02-10T06:28:20Z ---
Total policies: 7
ID: 27, Name: Universal API Key Detection, Severity: CRITICAL, Pattern: [a-zA-Z0-9_\\-]{32,}
ID: 74, Name: Universal API Key Detection, Severity: CRITICAL, Pattern: (?i)(?:sk_live_[0-9a-zA-Z]{24,})
ID: 77, Name: Cencurity Code Analysis, Severity: CRITICAL, Pattern: a^
ID: 24, Name: 민감 데이터 탐지, Severity: WARNING, Pattern: (prod|credential|token|secret|password|privatekey|ssh)
ID: 28, Name: MyShop Internal Code, Severity: WARNING, Pattern: MYSHOP_INTERNAL
ID: 25, Name: 이메일 마스킹, Severity: INFO, Pattern: [a-zA-Z0-9._%+-]+@[a-zA-Z0-9.-]+\\.[a-zA-Z]{2,}
ID: 26, Name: 전화번호 마스킹, Severity: INFO, Pattern: (?:\\+\d{1,3}[ -]?)?(?:\\(\d{1,4}\\)[ -]?)?(?:\d[ -]?){6,15}\d
--------------------------------
--- LoadPolicies at 2026-02-10T06:33:10Z ---
Total policies: 7
ID: 27, Name: Universal API Key Detection, Severity: CRITICAL, Pattern: [a-zA-Z0-9_\\-]{32,}
ID: 74, Name: Universal API Key Detection, Severity: CRITICAL, Pattern: (?i)(?:sk_live_[0-9a-zA-Z]{24,})
ID: 77, Name: Cencurity Code Analysis, Severity: CRITICAL, Pattern: a^
ID: 24, Name: 민감 데이터 탐지, Severity: WARNING, Pattern: (prod|credential|token|secret|password|privatekey|ssh)
ID: 28, Name: MyShop Internal Code, Severity: WARNING, Pattern: MYSHOP_INTERNAL
ID: 25, Name: 이메일 마스킹, Severity: INFO, Pattern: [a-zA-Z0-9._%+-]+@[a-zA-Z0-9.-]+\\.[a-zA-Z]{2,}
ID: 26, Name: 전화번호 마스킹, Severity: INFO, Pattern: (?:\\+\d{1,3}[ -]?)?(?:\\(\d{1,4}\\)[ -]?)?(?:\d[ -]?){6,15}\d
--------------------------------
--- LoadPolicies at 2026-02-10T07:04:06Z ---
Total policies: 7
ID: 27, Name: Universal API Key Detection, Severity: CRITICAL, Pattern: [a-zA-Z0-9_\\-]{32,}
ID: 74, Name: Universal API Key Detection, Severity: CRITICAL, Pattern: (?i)(?:sk_live_[0-9a-zA-Z]{24,})
ID: 77, Name: Cencurity Code Analysis, Severity: CRITICAL, Pattern: a^
ID: 24, Name: 민감 데이터 탐지, Severity: WARNING, Pattern: (prod|credential|token|secret|password|privatekey|ssh)
ID: 28, Name: MyShop Internal Code, Severity: WARNING, Pattern: MYSHOP_INTERNAL
ID: 25, Name: 이메일 마스킹, Severity: INFO, Pattern: [a-zA-Z0-9._%+-]+@[a-zA-Z0-9.-]+\\.[a-zA-Z]{2,}
ID: 26, Name: 전화번호 마스킹, Severity: INFO, Pattern: (?:\\+\d{1,3}[ -]?)?(?:\\(\d{1,4}\\)[ -]?)?(?:\d[ -]?){6,15}\d
--------------------------------
--- LoadPolicies at 2026-02-11T03:23:47Z ---
Total policies: 7
ID: 27, Name: Universal API Key Detection, Severity: CRITICAL, Pattern: [a-zA-Z0-9_\\-]{32,}
ID: 74, Name: Universal API Key Detection, Severity: CRITICAL, Pattern: (?i)(?:sk_live_[0-9a-zA-Z]{24,})
ID: 77, Name: Cencurity Code Analysis, Severity: CRITICAL, Pattern: a^
ID: 24, Name: 민감 데이터 탐지, Severity: WARNING, Pattern: (prod|credential|token|secret|password|privatekey|ssh)
ID: 28, Name: MyShop Internal Code, Severity: WARNING, Pattern: MYSHOP_INTERNAL
ID: 25, Name: 이메일 마스킹, Severity: INFO, Pattern: [a-zA-Z0-9._%+-]+@[a-zA-Z0-9.-]+\\.[a-zA-Z]{2,}
ID: 26, Name: 전화번호 마스킹, Severity: INFO, Pattern: (?:\\+\d{1,3}[ -]?)?(?:\\(\d{1,4}\\)[ -]?)?(?:\d[ -]?){6,15}\d
--------------------------------
--- LoadPolicies at 2026-02-11T11:37:55Z ---
Total policies: 7
ID: 27, Name: Universal API Key Detection, Severity: CRITICAL, Pattern: [a-zA-Z0-9_\\-]{32,}
ID: 74, Name: Universal API Key Detection, Severity: CRITICAL, Pattern: (?i)(?:sk_live_[0-9a-zA-Z]{24,})
ID: 77, Name: Cencurity Code Analysis, Severity: CRITICAL, Pattern: a^
ID: 24, Name: 민감 데이터 탐지, Severity: WARNING, Pattern: (prod|credential|token|secret|password|privatekey|ssh)
ID: 28, Name: MyShop Internal Code, Severity: WARNING, Pattern: MYSHOP_INTERNAL
ID: 25, Name: 이메일 마스킹, Severity: INFO, Pattern: [a-zA-Z0-9._%+-]+@[a-zA-Z0-9.-]+\\.[a-zA-Z]{2,}
ID: 26, Name: 전화번호 마스킹, Severity: INFO, Pattern: (?:\\+\d{1,3}[ -]?)?(?:\\(\d{1,4}\\)[ -]?)?(?:\d[ -]?){6,15}\d
--------------------------------
--- LoadPolicies at 2026-02-11T12:01:36Z ---
Total policies: 7
ID: 27, Name: Universal API Key Detection, Severity: CRITICAL, Pattern: [a-zA-Z0-9_\\-]{32,}
ID: 74, Name: Universal API Key Detection, Severity: CRITICAL, Pattern: (?i)(?:sk_live_[0-9a-zA-Z]{24,})
ID: 77, Name: Cencurity Code Analysis, Severity: CRITICAL, Pattern: a^
ID: 24, Name: 민감 데이터 탐지, Severity: WARNING, Pattern: (prod|credential|token|secret|password|privatekey|ssh)
ID: 28, Name: MyShop Internal Code, Severity: WARNING, Pattern: MYSHOP_INTERNAL
ID: 25, Name: 이메일 마스킹, Severity: INFO, Pattern: [a-zA-Z0-9._%+-]+@[a-zA-Z0-9.-]+\\.[a-zA-Z]{2,}
ID: 26, Name: 전화번호 마스킹, Severity: INFO, Pattern: (?:\\+\d{1,3}[ -]?)?(?:\\(\d{1,4}\\)[ -]?)?(?:\d[ -]?){6,15}\d
--------------------------------
--- LoadPolicies at 2026-02-11T12:12:09Z ---
Total policies: 7
ID: 27, Name: Universal API Key Detection, Severity: CRITICAL, Pattern: [a-zA-Z0-9_\\-]{32,}
ID: 74, Name: Universal API Key Detection, Severity: CRITICAL, Pattern: (?i)(?:sk_live_[0-9a-zA-Z]{24,})
ID: 77, Name: Cencurity Code Analysis, Severity: CRITICAL, Pattern: a^
ID: 24, Name: 민감 데이터 탐지, Severity: WARNING, Pattern: (prod|credential|token|secret|password|privatekey|ssh)
ID: 28, Name: MyShop Internal Code, Severity: WARNING, Pattern: MYSHOP_INTERNAL
ID: 25, Name: 이메일 마스킹, Severity: INFO, Pattern: [a-zA-Z0-9._%+-]+@[a-zA-Z0-9.-]+\\.[a-zA-Z]{2,}
ID: 26, Name: 전화번호 마스킹, Severity: INFO, Pattern: (?:\\+\d{1,3}[ -]?)?(?:\\(\d{1,4}\\)[ -]?)?(?:\d[ -]?){6,15}\d
--------------------------------
--- LoadPolicies at 2026-02-11T12:37:39Z ---
Total policies: 7
ID: 27, Name: Universal API Key Detection, Severity: CRITICAL, Pattern: [a-zA-Z0-9_\\-]{32,}
ID: 74, Name: Universal API Key Detection, Severity: CRITICAL, Pattern: (?i)(?:sk_live_[0-9a-zA-Z]{24,})
ID: 77, Name: Cencurity Code Analysis, Severity: CRITICAL, Pattern: a^
ID: 24, Name: 민감 데이터 탐지, Severity: WARNING, Pattern: (prod|credential|token|secret|password|privatekey|ssh)
ID: 28, Name: MyShop Internal Code, Severity: WARNING, Pattern: MYSHOP_INTERNAL
ID: 25, Name: 이메일 마스킹, Severity: INFO, Pattern: [a-zA-Z0-9._%+-]+@[a-zA-Z0-9.-]+\\.[a-zA-Z]{2,}
ID: 26, Name: 전화번호 마스킹, Severity: INFO, Pattern: (?:\\+\d{1,3}[ -]?)?(?:\\(\d{1,4}\\)[ -]?)?(?:\d[ -]?){6,15}\d
--------------------------------
--- LoadPolicies at 2026-02-11T12:41:50Z ---
Total policies: 7
ID: 27, Name: Universal API Key Detection, Severity: CRITICAL, Pattern: [a-zA-Z0-9_\\-]{32,}
ID: 74, Name: Universal API Key Detection, Severity: CRITICAL, Pattern: (?i)(?:sk_live_[0-9a-zA-Z]{24,})
ID: 77, Name: Cencurity Code Analysis, Severity: CRITICAL, Pattern: a^
ID: 24, Name: 민감 데이터 탐지, Severity: WARNING, Pattern: (prod|credential|token|secret|password|privatekey|ssh)
ID: 28, Name: MyShop Internal Code, Severity: WARNING, Pattern: MYSHOP_INTERNAL
ID: 25, Name: 이메일 마스킹, Severity: INFO, Pattern: [a-zA-Z0-9._%+-]+@[a-zA-Z0-9.-]+\\.[a-zA-Z]{2,}
ID: 26, Name: 전화번호 마스킹, Severity: INFO, Pattern: (?:\\+\d{1,3}[ -]?)?(?:\\(\d{1,4}\\)[ -]?)?(?:\d[ -]?){6,15}\d
--------------------------------
--- LoadPolicies at 2026-02-11T14:01:48Z ---
Total policies: 7
ID: 27, Name: Universal API Key Detection, Severity: CRITICAL, Pattern: [a-zA-Z0-9_\\-]{32,}
ID: 74, Name: Universal API Key Detection, Severity: CRITICAL, Pattern: (?i)(?:sk_live_[0-9a-zA-Z]{24,})
ID: 77, Name: Cencurity Code Analysis, Severity: CRITICAL, Pattern: a^
ID: 24, Name: 민감 데이터 탐지, Severity: WARNING, Pattern: (prod|credential|token|secret|password|privatekey|ssh)
ID: 28, Name: MyShop Internal Code, Severity: WARNING, Pattern: MYSHOP_INTERNAL
ID: 25, Name: 이메일 마스킹, Severity: INFO, Pattern: [a-zA-Z0-9._%+-]+@[a-zA-Z0-9.-]+\\.[a-zA-Z]{2,}
ID: 26, Name: 전화번호 마스킹, Severity: INFO, Pattern: (?:\\+\d{1,3}[ -]?)?(?:\\(\d{1,4}\\)[ -]?)?(?:\d[ -]?){6,15}\d
--------------------------------
--- LoadPolicies at 2026-02-12T08:28:01Z ---
Total policies: 7
ID: 27, Name: Universal API Key Detection, Severity: CRITICAL, Pattern: [a-zA-Z0-9_\\-]{32,}
ID: 74, Name: Universal API Key Detection, Severity: CRITICAL, Pattern: (?i)(?:sk_live_[0-9a-zA-Z]{24,})
ID: 77, Name: Cencurity Code Analysis, Severity: CRITICAL, Pattern: a^
ID: 24, Name: 민감 데이터 탐지, Severity: WARNING, Pattern: (prod|credential|token|secret|password|privatekey|ssh)
ID: 28, Name: MyShop Internal Code, Severity: WARNING, Pattern: MYSHOP_INTERNAL
ID: 25, Name: 이메일 마스킹, Severity: INFO, Pattern: [a-zA-Z0-9._%+-]+@[a-zA-Z0-9.-]+\\.[a-zA-Z]{2,}
ID: 26, Name: 전화번호 마스킹, Severity: INFO, Pattern: (?:\\+\d{1,3}[ -]?)?(?:\\(\d{1,4}\\)[ -]?)?(?:\d[ -]?){6,15}\d
--------------------------------
--- LoadPolicies at 2026-02-12T09:10:36Z ---
Total policies: 7
ID: 27, Name: Universal API Key Detection, Severity: CRITICAL, Pattern: [a-zA-Z0-9_\\-]{32,}
ID: 74, Name: Universal API Key Detection, Severity: CRITICAL, Pattern: (?i)(?:sk_live_[0-9a-zA-Z]{24,})
ID: 77, Name: Cencurity Code Analysis, Severity: CRITICAL, Pattern: a^
ID: 24, Name: 민감 데이터 탐지, Severity: WARNING, Pattern: (prod|credential|token|secret|password|privatekey|ssh)
ID: 28, Name: MyShop Internal Code, Severity: WARNING, Pattern: MYSHOP_INTERNAL
ID: 25, Name: 이메일 마스킹, Severity: INFO, Pattern: [a-zA-Z0-9._%+-]+@[a-zA-Z0-9.-]+\\.[a-zA-Z]{2,}
ID: 26, Name: 전화번호 마스킹, Severity: INFO, Pattern: (?:\\+\d{1,3}[ -]?)?(?:\\(\d{1,4}\\)[ -]?)?(?:\d[ -]?){6,15}\d
--------------------------------
--- LoadPolicies at 2026-02-12T09:15:55Z ---
Total policies: 7
ID: 27, Name: Universal API Key Detection, Severity: CRITICAL, Pattern: [a-zA-Z0-9_\\-]{32,}
ID: 74, Name: Universal API Key Detection, Severity: CRITICAL, Pattern: (?i)(?:sk_live_[0-9a-zA-Z]{24,})
ID: 77, Name: Cencurity Code Analysis, Severity: CRITICAL, Pattern: a^
ID: 24, Name: 민감 데이터 탐지, Severity: WARNING, Pattern: (prod|credential|token|secret|password|privatekey|ssh)
ID: 28, Name: MyShop Internal Code, Severity: WARNING, Pattern: MYSHOP_INTERNAL
ID: 25, Name: 이메일 마스킹, Severity: INFO, Pattern: [a-zA-Z0-9._%+-]+@[a-zA-Z0-9.-]+\\.[a-zA-Z]{2,}
ID: 26, Name: 전화번호 마스킹, Severity: INFO, Pattern: (?:\\+\d{1,3}[ -]?)?(?:\\(\d{1,4}\\)[ -]?)?(?:\d[ -]?){6,15}\d
--------------------------------
--- LoadPolicies at 2026-02-12T09:26:57Z ---
Total policies: 7
ID: 27, Name: Universal API Key Detection, Severity: CRITICAL, Pattern: [a-zA-Z0-9_\\-]{32,}
ID: 74, Name: Universal API Key Detection, Severity: CRITICAL, Pattern: (?i)(?:sk_live_[0-9a-zA-Z]{24,})
ID: 77, Name: Cencurity Code Analysis, Severity: CRITICAL, Pattern: a^
ID: 24, Name: 민감 데이터 탐지, Severity: WARNING, Pattern: (prod|credential|token|secret|password|privatekey|ssh)
ID: 28, Name: MyShop Internal Code, Severity: WARNING, Pattern: MYSHOP_INTERNAL
ID: 25, Name: 이메일 마스킹, Severity: INFO, Pattern: [a-zA-Z0-9._%+-]+@[a-zA-Z0-9.-]+\\.[a-zA-Z]{2,}
ID: 26, Name: 전화번호 마스킹, Severity: INFO, Pattern: (?:\\+\d{1,3}[ -]?)?(?:\\(\d{1,4}\\)[ -]?)?(?:\d[ -]?){6,15}\d
--------------------------------
--- LoadPolicies at 2026-02-12T10:03:48Z ---
Total policies: 7
ID: 27, Name: Universal API Key Detection, Severity: CRITICAL, Pattern: [a-zA-Z0-9_\\-]{32,}
ID: 74, Name: Universal API Key Detection, Severity: CRITICAL, Pattern: (?i)(?:sk_live_[0-9a-zA-Z]{24,})
ID: 77, Name: Cencurity Code Analysis, Severity: CRITICAL, Pattern: a^
ID: 24, Name: 민감 데이터 탐지, Severity: WARNING, Pattern: (prod|credential|token|secret|password|privatekey|ssh)
ID: 28, Name: MyShop Internal Code, Severity: WARNING, Pattern: MYSHOP_INTERNAL
ID: 25, Name: 이메일 마스킹, Severity: INFO, Pattern: [a-zA-Z0-9._%+-]+@[a-zA-Z0-9.-]+\\.[a-zA-Z]{2,}
ID: 26, Name: 전화번호 마스킹, Severity: INFO, Pattern: (?:\\+\d{1,3}[ -]?)?(?:\\(\d{1,4}\\)[ -]?)?(?:\d[ -]?){6,15}\d
--------------------------------
--- LoadPolicies at 2026-02-12T10:06:52Z ---
Total policies: 7
ID: 27, Name: Universal API Key Detection, Severity: CRITICAL, Pattern: [a-zA-Z0-9_\\-]{32,}
ID: 74, Name: Universal API Key Detection, Severity: CRITICAL, Pattern: (?i)(?:sk_live_[0-9a-zA-Z]{24,})
ID: 77, Name: Cencurity Code Analysis, Severity: CRITICAL, Pattern: a^
ID: 24, Name: 민감 데이터 탐지, Severity: WARNING, Pattern: (prod|credential|token|secret|password|privatekey|ssh)
ID: 28, Name: MyShop Internal Code, Severity: WARNING, Pattern: MYSHOP_INTERNAL
ID: 25, Name: 이메일 마스킹, Severity: INFO, Pattern: [a-zA-Z0-9._%+-]+@[a-zA-Z0-9.-]+\\.[a-zA-Z]{2,}
ID: 26, Name: 전화번호 마스킹, Severity: INFO, Pattern: (?:\\+\d{1,3}[ -]?)?(?:\\(\d{1,4}\\)[ -]?)?(?:\d[ -]?){6,15}\d
--------------------------------
--- LoadPolicies at 2026-02-12T10:13:18Z ---
Total policies: 7
ID: 27, Name: Universal API Key Detection, Severity: CRITICAL, Pattern: [a-zA-Z0-9_\\-]{32,}
ID: 74, Name: Universal API Key Detection, Severity: CRITICAL, Pattern: (?i)(?:sk_live_[0-9a-zA-Z]{24,})
ID: 77, Name: Cencurity Code Analysis, Severity: CRITICAL, Pattern: a^
ID: 24, Name: 민감 데이터 탐지, Severity: WARNING, Pattern: (prod|credential|token|secret|password|privatekey|ssh)
ID: 28, Name: MyShop Internal Code, Severity: WARNING, Pattern: MYSHOP_INTERNAL
ID: 25, Name: 이메일 마스킹, Severity: INFO, Pattern: [a-zA-Z0-9._%+-]+@[a-zA-Z0-9.-]+\\.[a-zA-Z]{2,}
ID: 26, Name: 전화번호 마스킹, Severity: INFO, Pattern: (?:\\+\d{1,3}[ -]?)?(?:\\(\d{1,4}\\)[ -]?)?(?:\d[ -]?){6,15}\d
--------------------------------
--- LoadPolicies at 2026-02-12T10:18:02Z ---
Total policies: 7
ID: 27, Name: Universal API Key Detection, Severity: CRITICAL, Pattern: [a-zA-Z0-9_\\-]{32,}
ID: 74, Name: Universal API Key Detection, Severity: CRITICAL, Pattern: (?i)(?:sk_live_[0-9a-zA-Z]{24,})
ID: 77, Name: Cencurity Code Analysis, Severity: CRITICAL, Pattern: a^
ID: 24, Name: 민감 데이터 탐지, Severity: WARNING, Pattern: (prod|credential|token|secret|password|privatekey|ssh)
ID: 28, Name: MyShop Internal Code, Severity: WARNING, Pattern: MYSHOP_INTERNAL
ID: 25, Name: 이메일 마스킹, Severity: INFO, Pattern: [a-zA-Z0-9._%+-]+@[a-zA-Z0-9.-]+\\.[a-zA-Z]{2,}
ID: 26, Name: 전화번호 마스킹, Severity: INFO, Pattern: (?:\\+\d{1,3}[ -]?)?(?:\\(\d{1,4}\\)[ -]?)?(?:\d[ -]?){6,15}\d
--------------------------------
--- LoadPolicies at 2026-02-12T10:23:44Z ---
Total policies: 7
ID: 27, Name: Universal API Key Detection, Severity: CRITICAL, Pattern: [a-zA-Z0-9_\\-]{32,}
ID: 74, Name: Universal API Key Detection, Severity: CRITICAL, Pattern: (?i)(?:sk_live_[0-9a-zA-Z]{24,})
ID: 77, Name: Cencurity Code Analysis, Severity: CRITICAL, Pattern: a^
ID: 24, Name: 민감 데이터 탐지, Severity: WARNING, Pattern: (prod|credential|token|secret|password|privatekey|ssh)
ID: 28, Name: MyShop Internal Code, Severity: WARNING, Pattern: MYSHOP_INTERNAL
ID: 25, Name: 이메일 마스킹, Severity: INFO, Pattern: [a-zA-Z0-9._%+-]+@[a-zA-Z0-9.-]+\\.[a-zA-Z]{2,}
ID: 26, Name: 전화번호 마스킹, Severity: INFO, Pattern: (?:\\+\d{1,3}[ -]?)?(?:\\(\d{1,4}\\)[ -]?)?(?:\d[ -]?){6,15}\d
--------------------------------
--- LoadPolicies at 2026-02-12T10:29:24Z ---
Total policies: 7
ID: 27, Name: Universal API Key Detection, Severity: CRITICAL, Pattern: [a-zA-Z0-9_\\-]{32,}
ID: 74, Name: Universal API Key Detection, Severity: CRITICAL, Pattern: (?i)(?:sk_live_[0-9a-zA-Z]{24,})
ID: 77, Name: Cencurity Code Analysis, Severity: CRITICAL, Pattern: a^
ID: 24, Name: 민감 데이터 탐지, Severity: WARNING, Pattern: (prod|credential|token|secret|password|privatekey|ssh)
ID: 28, Name: MyShop Internal Code, Severity: WARNING, Pattern: MYSHOP_INTERNAL
ID: 25, Name: 이메일 마스킹, Severity: INFO, Pattern: [a-zA-Z0-9._%+-]+@[a-zA-Z0-9.-]+\\.[a-zA-Z]{2,}
ID: 26, Name: 전화번호 마스킹, Severity: INFO, Pattern: (?:\\+\d{1,3}[ -]?)?(?:\\(\d{1,4}\\)[ -]?)?(?:\d[ -]?){6,15}\d
--------------------------------
--- LoadPolicies at 2026-02-12T12:38:26Z ---
Total policies: 8
ID: 27, Name: Universal API Key Detection, Severity: CRITICAL, Pattern: [a-zA-Z0-9_\\-]{32,}
ID: 74, Name: Universal API Key Detection, Severity: CRITICAL, Pattern: (?i)(?:sk_live_[0-9a-zA-Z]{24,})
ID: 77, Name: Cencurity Code Analysis, Severity: CRITICAL, Pattern: a^
ID: 24, Name: 민감 데이터 탐지, Severity: WARNING, Pattern: (prod|credential|token|secret|password|privatekey|ssh)
ID: 28, Name: MyShop Internal Code, Severity: WARNING, Pattern: MYSHOP_INTERNAL
ID: 78, Name: vibecoding, Severity: WARNING, Pattern: vibecoding
ID: 25, Name: 이메일 마스킹, Severity: INFO, Pattern: [a-zA-Z0-9._%+-]+@[a-zA-Z0-9.-]+\\.[a-zA-Z]{2,}
ID: 26, Name: 전화번호 마스킹, Severity: INFO, Pattern: (?:\\+\d{1,3}[ -]?)?(?:\\(\d{1,4}\\)[ -]?)?(?:\d[ -]?){6,15}\d
--------------------------------
--- LoadPolicies at 2026-02-12T12:38:36Z ---
Total policies: 7
ID: 27, Name: Universal API Key Detection, Severity: CRITICAL, Pattern: [a-zA-Z0-9_\\-]{32,}
ID: 74, Name: Universal API Key Detection, Severity: CRITICAL, Pattern: (?i)(?:sk_live_[0-9a-zA-Z]{24,})
ID: 77, Name: Cencurity Code Analysis, Severity: CRITICAL, Pattern: a^
ID: 24, Name: 민감 데이터 탐지, Severity: WARNING, Pattern: (prod|credential|token|secret|password|privatekey|ssh)
ID: 28, Name: MyShop Internal Code, Severity: WARNING, Pattern: MYSHOP_INTERNAL
ID: 25, Name: 이메일 마스킹, Severity: INFO, Pattern: [a-zA-Z0-9._%+-]+@[a-zA-Z0-9.-]+\\.[a-zA-Z]{2,}
ID: 26, Name: 전화번호 마스킹, Severity: INFO, Pattern: (?:\\+\d{1,3}[ -]?)?(?:\\(\d{1,4}\\)[ -]?)?(?:\d[ -]?){6,15}\d
--------------------------------
--- LoadPolicies at 2026-02-12T12:41:07Z ---
Total policies: 8
ID: 27, Name: Universal API Key Detection, Severity: CRITICAL, Pattern: [a-zA-Z0-9_\\-]{32,}
ID: 74, Name: Universal API Key Detection, Severity: CRITICAL, Pattern: (?i)(?:sk_live_[0-9a-zA-Z]{24,})
ID: 77, Name: Cencurity Code Analysis, Severity: CRITICAL, Pattern: a^
ID: 24, Name: 민감 데이터 탐지, Severity: WARNING, Pattern: (prod|credential|token|secret|password|privatekey|ssh)
ID: 28, Name: MyShop Internal Code, Severity: WARNING, Pattern: MYSHOP_INTERNAL
ID: 79, Name: vibecoding, Severity: WARNING, Pattern: vibecoding
ID: 25, Name: 이메일 마스킹, Severity: INFO, Pattern: [a-zA-Z0-9._%+-]+@[a-zA-Z0-9.-]+\\.[a-zA-Z]{2,}
ID: 26, Name: 전화번호 마스킹, Severity: INFO, Pattern: (?:\\+\d{1,3}[ -]?)?(?:\\(\d{1,4}\\)[ -]?)?(?:\d[ -]?){6,15}\d
--------------------------------
--- LoadPolicies at 2026-02-12T12:41:14Z ---
Total policies: 7
ID: 27, Name: Universal API Key Detection, Severity: CRITICAL, Pattern: [a-zA-Z0-9_\\-]{32,}
ID: 74, Name: Universal API Key Detection, Severity: CRITICAL, Pattern: (?i)(?:sk_live_[0-9a-zA-Z]{24,})
ID: 77, Name: Cencurity Code Analysis, Severity: CRITICAL, Pattern: a^
ID: 24, Name: 민감 데이터 탐지, Severity: WARNING, Pattern: (prod|credential|token|secret|password|privatekey|ssh)
ID: 28, Name: MyShop Internal Code, Severity: WARNING, Pattern: MYSHOP_INTERNAL
ID: 25, Name: 이메일 마스킹, Severity: INFO, Pattern: [a-zA-Z0-9._%+-]+@[a-zA-Z0-9.-]+\\.[a-zA-Z]{2,}
ID: 26, Name: 전화번호 마스킹, Severity: INFO, Pattern: (?:\\+\d{1,3}[ -]?)?(?:\\(\d{1,4}\\)[ -]?)?(?:\d[ -]?){6,15}\d
--------------------------------
--- LoadPolicies at 2026-02-12T14:47:53Z ---
Total policies: 7
ID: 27, Name: Universal API Key Detection, Severity: CRITICAL, Pattern: [a-zA-Z0-9_\\-]{32,}
ID: 74, Name: Universal API Key Detection, Severity: CRITICAL, Pattern: (?i)(?:sk_live_[0-9a-zA-Z]{24,})
ID: 77, Name: Cencurity Code Analysis, Severity: CRITICAL, Pattern: a^
ID: 24, Name: 민감 데이터 탐지, Severity: WARNING, Pattern: (prod|credential|token|secret|password|privatekey|ssh)
ID: 28, Name: MyShop Internal Code, Severity: WARNING, Pattern: MYSHOP_INTERNAL
ID: 25, Name: 이메일 마스킹, Severity: INFO, Pattern: [a-zA-Z0-9._%+-]+@[a-zA-Z0-9.-]+\\.[a-zA-Z]{2,}
ID: 26, Name: 전화번호 마스킹, Severity: INFO, Pattern: (?:\\+\d{1,3}[ -]?)?(?:\\(\d{1,4}\\)[ -]?)?(?:\d[ -]?){6,15}\d
--------------------------------
--- LoadPolicies at 2026-02-12T14:58:05Z ---
Total policies: 8
ID: 27, Name: Universal API Key Detection, Severity: CRITICAL, Pattern: [a-zA-Z0-9_\\-]{32,}
ID: 74, Name: Universal API Key Detection, Severity: CRITICAL, Pattern: (?i)(?:sk_live_[0-9a-zA-Z]{24,})
ID: 77, Name: Cencurity Code Analysis, Severity: CRITICAL, Pattern: a^
ID: 24, Name: 민감 데이터 탐지, Severity: WARNING, Pattern: (prod|credential|token|secret|password|privatekey|ssh)
ID: 28, Name: MyShop Internal Code, Severity: WARNING, Pattern: MYSHOP_INTERNAL
ID: 25, Name: 이메일 마스킹, Severity: INFO, Pattern: [a-zA-Z0-9._%+-]+@[a-zA-Z0-9.-]+\\.[a-zA-Z]{2,}
ID: 26, Name: 전화번호 마스킹, Severity: INFO, Pattern: (?:\\+\d{1,3}[ -]?)?(?:\\(\d{1,4}\\)[ -]?)?(?:\d[ -]?){6,15}\d
ID: 80, Name: 3, Severity: INFO, Pattern: 12312
--------------------------------
--- LoadPolicies at 2026-02-12T14:58:15Z ---
Total policies: 7
ID: 27, Name: Universal API Key Detection, Severity: CRITICAL, Pattern: [a-zA-Z0-9_\\-]{32,}
ID: 74, Name: Universal API Key Detection, Severity: CRITICAL, Pattern: (?i)(?:sk_live_[0-9a-zA-Z]{24,})
ID: 77, Name: Cencurity Code Analysis, Severity: CRITICAL, Pattern: a^
ID: 24, Name: 민감 데이터 탐지, Severity: WARNING, Pattern: (prod|credential|token|secret|password|privatekey|ssh)
ID: 28, Name: MyShop Internal Code, Severity: WARNING, Pattern: MYSHOP_INTERNAL
ID: 25, Name: 이메일 마스킹, Severity: INFO, Pattern: [a-zA-Z0-9._%+-]+@[a-zA-Z0-9.-]+\\.[a-zA-Z]{2,}
ID: 26, Name: 전화번호 마스킹, Severity: INFO, Pattern: (?:\\+\d{1,3}[ -]?)?(?:\\(\d{1,4}\\)[ -]?)?(?:\d[ -]?){6,15}\d
--------------------------------
--- LoadPolicies at 2026-02-12T15:02:39Z ---
Total policies: 7
ID: 27, Name: Universal API Key Detection, Severity: CRITICAL, Pattern: [a-zA-Z0-9_\\-]{32,}
ID: 74, Name: Universal API Key Detection, Severity: CRITICAL, Pattern: (?i)(?:sk_live_[0-9a-zA-Z]{24,})
ID: 77, Name: Cencurity Code Analysis, Severity: CRITICAL, Pattern: a^
ID: 24, Name: 민감 데이터 탐지, Severity: WARNING, Pattern: (prod|credential|token|secret|password|privatekey|ssh)
ID: 28, Name: MyShop Internal Code, Severity: WARNING, Pattern: MYSHOP_INTERNAL
ID: 25, Name: 이메일 마스킹, Severity: INFO, Pattern: [a-zA-Z0-9._%+-]+@[a-zA-Z0-9.-]+\\.[a-zA-Z]{2,}
ID: 26, Name: 전화번호 마스킹, Severity: INFO, Pattern: (?:\\+\d{1,3}[ -]?)?(?:\\(\d{1,4}\\)[ -]?)?(?:\d[ -]?){6,15}\d
--------------------------------
--- LoadPolicies at 2026-02-13T08:22:49Z ---
Total policies: 7
ID: 27, Name: Universal API Key Detection, Severity: CRITICAL, Pattern: [a-zA-Z0-9_\\-]{32,}
ID: 74, Name: Universal API Key Detection, Severity: CRITICAL, Pattern: (?i)(?:sk_live_[0-9a-zA-Z]{24,})
ID: 77, Name: Cencurity Code Analysis, Severity: CRITICAL, Pattern: a^
ID: 24, Name: 민감 데이터 탐지, Severity: WARNING, Pattern: (prod|credential|token|secret|password|privatekey|ssh)
ID: 28, Name: MyShop Internal Code, Severity: WARNING, Pattern: MYSHOP_INTERNAL
ID: 25, Name: 이메일 마스킹, Severity: INFO, Pattern: [a-zA-Z0-9._%+-]+@[a-zA-Z0-9.-]+\\.[a-zA-Z]{2,}
ID: 26, Name: 전화번호 마스킹, Severity: INFO, Pattern: (?:\\+\d{1,3}[ -]?)?(?:\\(\d{1,4}\\)[ -]?)?(?:\d[ -]?){6,15}\d
--------------------------------
--- LoadPolicies at 2026-02-13T16:14:53Z ---
Total policies: 8
ID: 27, Name: Universal API Key Detection, Severity: CRITICAL, Pattern: [a-zA-Z0-9_\\-]{32,}
ID: 74, Name: Universal API Key Detection, Severity: CRITICAL, Pattern: (?i)(?:sk_live_[0-9a-zA-Z]{24,})
ID: 77, Name: Cencurity Code Analysis, Severity: CRITICAL, Pattern: a^
ID: 24, Name: 민감 데이터 탐지, Severity: WARNING, Pattern: (prod|credential|token|secret|password|privatekey|ssh)
ID: 28, Name: MyShop Internal Code, Severity: WARNING, Pattern: MYSHOP_INTERNAL
ID: 81, Name: CENCURITY, Severity: WARNING, Pattern: CENCURITY
ID: 25, Name: 이메일 마스킹, Severity: INFO, Pattern: [a-zA-Z0-9._%+-]+@[a-zA-Z0-9.-]+\\.[a-zA-Z]{2,}
ID: 26, Name: 전화번호 마스킹, Severity: INFO, Pattern: (?:\\+\d{1,3}[ -]?)?(?:\\(\d{1,4}\\)[ -]?)?(?:\d[ -]?){6,15}\d
--------------------------------
--- LoadPolicies at 2026-02-13T16:41:57Z ---
Total policies: 8
ID: 27, Name: Universal API Key Detection, Severity: CRITICAL, Pattern: [a-zA-Z0-9_\\-]{32,}
ID: 74, Name: Universal API Key Detection, Severity: CRITICAL, Pattern: (?i)(?:sk_live_[0-9a-zA-Z]{24,})
ID: 77, Name: Cencurity Code Analysis, Severity: CRITICAL, Pattern: a^
ID: 24, Name: 민감 데이터 탐지, Severity: WARNING, Pattern: (prod|credential|token|secret|password|privatekey|ssh)
ID: 28, Name: MyShop Internal Code, Severity: WARNING, Pattern: MYSHOP_INTERNAL
ID: 81, Name: CENCURITY, Severity: WARNING, Pattern: CENCURITY
ID: 25, Name: 이메일 마스킹, Severity: INFO, Pattern: [a-zA-Z0-9._%+-]+@[a-zA-Z0-9.-]+\\.[a-zA-Z]{2,}
ID: 26, Name: 전화번호 마스킹, Severity: INFO, Pattern: (?:\\+\d{1,3}[ -]?)?(?:\\(\d{1,4}\\)[ -]?)?(?:\d[ -]?){6,15}\d
--------------------------------
--- LoadPolicies at 2026-02-13T16:57:41Z ---
Total policies: 8
ID: 27, Name: Universal API Key Detection, Severity: CRITICAL, Pattern: [a-zA-Z0-9_\\-]{32,}
ID: 74, Name: Universal API Key Detection, Severity: CRITICAL, Pattern: (?i)(?:sk_live_[0-9a-zA-Z]{24,})
ID: 77, Name: Cencurity Code Analysis, Severity: CRITICAL, Pattern: a^
ID: 24, Name: 민감 데이터 탐지, Severity: WARNING, Pattern: (prod|credential|token|secret|password|privatekey|ssh)
ID: 28, Name: MyShop Internal Code, Severity: WARNING, Pattern: MYSHOP_INTERNAL
ID: 81, Name: CENCURITY, Severity: WARNING, Pattern: CENCURITY
ID: 25, Name: 이메일 마스킹, Severity: INFO, Pattern: [a-zA-Z0-9._%+-]+@[a-zA-Z0-9.-]+\\.[a-zA-Z]{2,}
ID: 26, Name: 전화번호 마스킹, Severity: INFO, Pattern: (?:\\+\d{1,3}[ -]?)?(?:\\(\d{1,4}\\)[ -]?)?(?:\d[ -]?){6,15}\d
--------------------------------
--- LoadPolicies at 2026-02-13T19:44:30Z ---
Total policies: 8
ID: 27, Name: Universal API Key Detection, Severity: CRITICAL, Pattern: [a-zA-Z0-9_\\-]{32,}
ID: 74, Name: Universal API Key Detection, Severity: CRITICAL, Pattern: (?i)(?:sk_live_[0-9a-zA-Z]{24,})
ID: 77, Name: Cencurity Code Analysis, Severity: CRITICAL, Pattern: a^
ID: 24, Name: 민감 데이터 탐지, Severity: WARNING, Pattern: (prod|credential|token|secret|password|privatekey|ssh)
ID: 28, Name: MyShop Internal Code, Severity: WARNING, Pattern: MYSHOP_INTERNAL
ID: 81, Name: CENCURITY, Severity: WARNING, Pattern: CENCURITY
ID: 25, Name: 이메일 마스킹, Severity: INFO, Pattern: [a-zA-Z0-9._%+-]+@[a-zA-Z0-9.-]+\\.[a-zA-Z]{2,}
ID: 26, Name: 전화번호 마스킹, Severity: INFO, Pattern: (?:\\+\d{1,3}[ -]?)?(?:\\(\d{1,4}\\)[ -]?)?(?:\d[ -]?){6,15}\d
--------------------------------
--- LoadPolicies at 2026-02-13T19:56:38Z ---
Total policies: 8
ID: 27, Name: Universal API Key Detection, Severity: CRITICAL, Pattern: [a-zA-Z0-9_\\-]{32,}
ID: 74, Name: Universal API Key Detection, Severity: CRITICAL, Pattern: (?i)(?:sk_live_[0-9a-zA-Z]{24,})
ID: 77, Name: Cencurity Code Analysis, Severity: CRITICAL, Pattern: a^
ID: 24, Name: 민감 데이터 탐지, Severity: WARNING, Pattern: (prod|credential|token|secret|password|privatekey|ssh)
ID: 28, Name: MyShop Internal Code, Severity: WARNING, Pattern: MYSHOP_INTERNAL
ID: 81, Name: CENCURITY, Severity: WARNING, Pattern: CENCURITY
ID: 25, Name: 이메일 마스킹, Severity: INFO, Pattern: [a-zA-Z0-9._%+-]+@[a-zA-Z0-9.-]+\\.[a-zA-Z]{2,}
ID: 26, Name: 전화번호 마스킹, Severity: INFO, Pattern: (?:\\+\d{1,3}[ -]?)?(?:\\(\d{1,4}\\)[ -]?)?(?:\d[ -]?){6,15}\d
--------------------------------
--- LoadPolicies at 2026-02-13T20:12:37Z ---
Total policies: 8
ID: 27, Name: Universal API Key Detection, Severity: CRITICAL, Pattern: [a-zA-Z0-9_\\-]{32,}
ID: 74, Name: Universal API Key Detection, Severity: CRITICAL, Pattern: (?i)(?:sk_live_[0-9a-zA-Z]{24,})
ID: 77, Name: Cencurity Code Analysis, Severity: CRITICAL, Pattern: a^
ID: 24, Name: 민감 데이터 탐지, Severity: WARNING, Pattern: (prod|credential|token|secret|password|privatekey|ssh)
ID: 28, Name: MyShop Internal Code, Severity: WARNING, Pattern: MYSHOP_INTERNAL
ID: 81, Name: CENCURITY, Severity: WARNING, Pattern: CENCURITY
ID: 25, Name: 이메일 마스킹, Severity: INFO, Pattern: [a-zA-Z0-9._%+-]+@[a-zA-Z0-9.-]+\\.[a-zA-Z]{2,}
ID: 26, Name: 전화번호 마스킹, Severity: INFO, Pattern: (?:\\+\d{1,3}[ -]?)?(?:\\(\d{1,4}\\)[ -]?)?(?:\d[ -]?){6,15}\d
--------------------------------
--- LoadPolicies at 2026-02-13T20:31:57Z ---
Total policies: 8
ID: 27, Name: Universal API Key Detection, Severity: CRITICAL, Pattern: [a-zA-Z0-9_\\-]{32,}
ID: 74, Name: Universal API Key Detection, Severity: CRITICAL, Pattern: (?i)(?:sk_live_[0-9a-zA-Z]{24,})
ID: 77, Name: Cencurity Code Analysis, Severity: CRITICAL, Pattern: a^
ID: 24, Name: 민감 데이터 탐지, Severity: WARNING, Pattern: (prod|credential|token|secret|password|privatekey|ssh)
ID: 28, Name: MyShop Internal Code, Severity: WARNING, Pattern: MYSHOP_INTERNAL
ID: 81, Name: CENCURITY, Severity: WARNING, Pattern: CENCURITY
ID: 25, Name: 이메일 마스킹, Severity: INFO, Pattern: [a-zA-Z0-9._%+-]+@[a-zA-Z0-9.-]+\\.[a-zA-Z]{2,}
ID: 26, Name: 전화번호 마스킹, Severity: INFO, Pattern: (?:\\+\d{1,3}[ -]?)?(?:\\(\d{1,4}\\)[ -]?)?(?:\d[ -]?){6,15}\d
--------------------------------
--- LoadPolicies at 2026-02-13T20:34:33Z ---
Total policies: 8
ID: 27, Name: Universal API Key Detection, Severity: CRITICAL, Pattern: [a-zA-Z0-9_\\-]{32,}
ID: 74, Name: Universal API Key Detection, Severity: CRITICAL, Pattern: (?i)(?:sk_live_[0-9a-zA-Z]{24,})
ID: 77, Name: Cencurity Code Analysis, Severity: CRITICAL, Pattern: a^
ID: 24, Name: 민감 데이터 탐지, Severity: WARNING, Pattern: (prod|credential|token|secret|password|privatekey|ssh)
ID: 28, Name: MyShop Internal Code, Severity: WARNING, Pattern: MYSHOP_INTERNAL
ID: 81, Name: CENCURITY, Severity: WARNING, Pattern: CENCURITY
ID: 25, Name: 이메일 마스킹, Severity: INFO, Pattern: [a-zA-Z0-9._%+-]+@[a-zA-Z0-9.-]+\\.[a-zA-Z]{2,}
ID: 26, Name: 전화번호 마스킹, Severity: INFO, Pattern: (?:\\+\d{1,3}[ -]?)?(?:\\(\d{1,4}\\)[ -]?)?(?:\d[ -]?){6,15}\d
--------------------------------
--- LoadPolicies at 2026-02-13T20:45:39Z ---
Total policies: 8
ID: 27, Name: Universal API Key Detection, Severity: CRITICAL, Pattern: [a-zA-Z0-9_\\-]{32,}
ID: 74, Name: Universal API Key Detection, Severity: CRITICAL, Pattern: (?i)(?:sk_live_[0-9a-zA-Z]{24,})
ID: 77, Name: Cencurity Code Analysis, Severity: CRITICAL, Pattern: a^
ID: 24, Name: 민감 데이터 탐지, Severity: WARNING, Pattern: (prod|credential|token|secret|password|privatekey|ssh)
ID: 28, Name: MyShop Internal Code, Severity: WARNING, Pattern: MYSHOP_INTERNAL
ID: 81, Name: CENCURITY, Severity: WARNING, Pattern: CENCURITY
ID: 25, Name: 이메일 마스킹, Severity: INFO, Pattern: [a-zA-Z0-9._%+-]+@[a-zA-Z0-9.-]+\\.[a-zA-Z]{2,}
ID: 26, Name: 전화번호 마스킹, Severity: INFO, Pattern: (?:\\+\d{1,3}[ -]?)?(?:\\(\d{1,4}\\)[ -]?)?(?:\d[ -]?){6,15}\d
--------------------------------
--- LoadPolicies at 2026-02-13T20:51:07Z ---
Total policies: 8
ID: 27, Name: Universal API Key Detection, Severity: CRITICAL, Pattern: [a-zA-Z0-9_\\-]{32,}
ID: 74, Name: Universal API Key Detection, Severity: CRITICAL, Pattern: (?i)(?:sk_live_[0-9a-zA-Z]{24,})
ID: 77, Name: Cencurity Code Analysis, Severity: CRITICAL, Pattern: a^
ID: 24, Name: 민감 데이터 탐지, Severity: WARNING, Pattern: (prod|credential|token|secret|password|privatekey|ssh)
ID: 28, Name: MyShop Internal Code, Severity: WARNING, Pattern: MYSHOP_INTERNAL
ID: 81, Name: CENCURITY, Severity: WARNING, Pattern: CENCURITY
ID: 25, Name: 이메일 마스킹, Severity: INFO, Pattern: [a-zA-Z0-9._%+-]+@[a-zA-Z0-9.-]+\\.[a-zA-Z]{2,}
ID: 26, Name: 전화번호 마스킹, Severity: INFO, Pattern: (?:\\+\d{1,3}[ -]?)?(?:\\(\d{1,4}\\)[ -]?)?(?:\d[ -]?){6,15}\d
--------------------------------
--- LoadPolicies at 2026-02-13T20:55:33Z ---
Total policies: 8
ID: 27, Name: Universal API Key Detection, Severity: CRITICAL, Pattern: [a-zA-Z0-9_\\-]{32,}
ID: 74, Name: Universal API Key Detection, Severity: CRITICAL, Pattern: (?i)(?:sk_live_[0-9a-zA-Z]{24,})
ID: 77, Name: Cencurity Code Analysis, Severity: CRITICAL, Pattern: a^
ID: 24, Name: 민감 데이터 탐지, Severity: WARNING, Pattern: (prod|credential|token|secret|password|privatekey|ssh)
ID: 28, Name: MyShop Internal Code, Severity: WARNING, Pattern: MYSHOP_INTERNAL
ID: 81, Name: CENCURITY, Severity: WARNING, Pattern: CENCURITY
ID: 25, Name: 이메일 마스킹, Severity: INFO, Pattern: [a-zA-Z0-9._%+-]+@[a-zA-Z0-9.-]+\\.[a-zA-Z]{2,}
ID: 26, Name: 전화번호 마스킹, Severity: INFO, Pattern: (?:\\+\d{1,3}[ -]?)?(?:\\(\d{1,4}\\)[ -]?)?(?:\d[ -]?){6,15}\d
--------------------------------
--- LoadPolicies at 2026-02-14T06:24:40Z ---
Total policies: 8
ID: 27, Name: Universal API Key Detection, Severity: CRITICAL, Pattern: [a-zA-Z0-9_\\-]{32,}
ID: 74, Name: Universal API Key Detection, Severity: CRITICAL, Pattern: (?i)(?:sk_live_[0-9a-zA-Z]{24,})
ID: 77, Name: Cencurity Code Analysis, Severity: CRITICAL, Pattern: a^
ID: 24, Name: 민감 데이터 탐지, Severity: WARNING, Pattern: (prod|credential|token|secret|password|privatekey|ssh)
ID: 28, Name: MyShop Internal Code, Severity: WARNING, Pattern: MYSHOP_INTERNAL
ID: 81, Name: CENCURITY, Severity: WARNING, Pattern: CENCURITY
ID: 25, Name: 이메일 마스킹, Severity: INFO, Pattern: [a-zA-Z0-9._%+-]+@[a-zA-Z0-9.-]+\\.[a-zA-Z]{2,}
ID: 26, Name: 전화번호 마스킹, Severity: INFO, Pattern: (?:\\+\d{1,3}[ -]?)?(?:\\(\d{1,4}\\)[ -]?)?(?:\d[ -]?){6,15}\d
--------------------------------
--- LoadPolicies at 2026-02-14T07:28:28Z ---
Total policies: 7
ID: 27, Name: Universal API Key Detection, Severity: CRITICAL, Pattern: [a-zA-Z0-9_\\-]{32,}
ID: 74, Name: Universal API Key Detection, Severity: CRITICAL, Pattern: (?i)(?:sk_live_[0-9a-zA-Z]{24,})
ID: 77, Name: Cencurity Code Analysis, Severity: CRITICAL, Pattern: a^
ID: 24, Name: 민감 데이터 탐지, Severity: WARNING, Pattern: (prod|credential|token|secret|password|privatekey|ssh)
ID: 28, Name: MyShop Internal Code, Severity: WARNING, Pattern: MYSHOP_INTERNAL
ID: 25, Name: 이메일 마스킹, Severity: INFO, Pattern: [a-zA-Z0-9._%+-]+@[a-zA-Z0-9.-]+\\.[a-zA-Z]{2,}
ID: 26, Name: 전화번호 마스킹, Severity: INFO, Pattern: (?:\\+\d{1,3}[ -]?)?(?:\\(\d{1,4}\\)[ -]?)?(?:\d[ -]?){6,15}\d
--------------------------------
--- LoadPolicies at 2026-02-14T10:12:31Z ---
Total policies: 7
ID: 27, Name: Universal API Key Detection, Severity: CRITICAL, Pattern: [a-zA-Z0-9_\\-]{32,}
ID: 74, Name: Universal API Key Detection, Severity: CRITICAL, Pattern: (?i)(?:sk_live_[0-9a-zA-Z]{24,})
ID: 77, Name: Cencurity Code Analysis, Severity: CRITICAL, Pattern: a^
ID: 24, Name: 민감 데이터 탐지, Severity: WARNING, Pattern: (prod|credential|token|secret|password|privatekey|ssh)
ID: 28, Name: MyShop Internal Code, Severity: WARNING, Pattern: MYSHOP_INTERNAL
ID: 25, Name: 이메일 마스킹, Severity: INFO, Pattern: [a-zA-Z0-9._%+-]+@[a-zA-Z0-9.-]+\\.[a-zA-Z]{2,}
ID: 26, Name: 전화번호 마스킹, Severity: INFO, Pattern: (?:\\+\d{1,3}[ -]?)?(?:\\(\d{1,4}\\)[ -]?)?(?:\d[ -]?){6,15}\d
--------------------------------
--- LoadPolicies at 2026-02-17T15:26:03Z ---
Total policies: 7
ID: 27, Name: Universal API Key Detection, Severity: CRITICAL, Pattern: [a-zA-Z0-9_\\-]{32,}
ID: 74, Name: Universal API Key Detection, Severity: CRITICAL, Pattern: (?i)(?:sk_live_[0-9a-zA-Z]{24,})
ID: 77, Name: Cencurity Code Analysis, Severity: CRITICAL, Pattern: a^
ID: 24, Name: 민감 데이터 탐지, Severity: WARNING, Pattern: (prod|credential|token|secret|password|privatekey|ssh)
ID: 28, Name: MyShop Internal Code, Severity: WARNING, Pattern: MYSHOP_INTERNAL
ID: 25, Name: 이메일 마스킹, Severity: INFO, Pattern: [a-zA-Z0-9._%+-]+@[a-zA-Z0-9.-]+\\.[a-zA-Z]{2,}
ID: 26, Name: 전화번호 마스킹, Severity: INFO, Pattern: (?:\\+\d{1,3}[ -]?)?(?:\\(\d{1,4}\\)[ -]?)?(?:\d[ -]?){6,15}\d
--------------------------------
--- LoadPolicies at 2026-02-17T15:33:51Z ---
Total policies: 8
ID: 27, Name: Universal API Key Detection, Severity: CRITICAL, Pattern: [a-zA-Z0-9_\\-]{32,}
ID: 74, Name: Universal API Key Detection, Severity: CRITICAL, Pattern: (?i)(?:sk_live_[0-9a-zA-Z]{24,})
ID: 77, Name: Cencurity Code Analysis, Severity: CRITICAL, Pattern: a^
ID: 24, Name: 민감 데이터 탐지, Severity: WARNING, Pattern: (prod|credential|token|secret|password|privatekey|ssh)
ID: 28, Name: MyShop Internal Code, Severity: WARNING, Pattern: MYSHOP_INTERNAL
ID: 82, Name: warning, Severity: WARNING, Pattern: warning_text
ID: 25, Name: 이메일 마스킹, Severity: INFO, Pattern: [a-zA-Z0-9._%+-]+@[a-zA-Z0-9.-]+\\.[a-zA-Z]{2,}
ID: 26, Name: 전화번호 마스킹, Severity: INFO, Pattern: (?:\\+\d{1,3}[ -]?)?(?:\\(\d{1,4}\\)[ -]?)?(?:\d[ -]?){6,15}\d
--------------------------------
--- LoadPolicies at 2026-02-17T15:33:58Z ---
Total policies: 7
ID: 27, Name: Universal API Key Detection, Severity: CRITICAL, Pattern: [a-zA-Z0-9_\\-]{32,}
ID: 74, Name: Universal API Key Detection, Severity: CRITICAL, Pattern: (?i)(?:sk_live_[0-9a-zA-Z]{24,})
ID: 77, Name: Cencurity Code Analysis, Severity: CRITICAL, Pattern: a^
ID: 24, Name: 민감 데이터 탐지, Severity: WARNING, Pattern: (prod|credential|token|secret|password|privatekey|ssh)
ID: 28, Name: MyShop Internal Code, Severity: WARNING, Pattern: MYSHOP_INTERNAL
ID: 25, Name: 이메일 마스킹, Severity: INFO, Pattern: [a-zA-Z0-9._%+-]+@[a-zA-Z0-9.-]+\\.[a-zA-Z]{2,}
ID: 26, Name: 전화번호 마스킹, Severity: INFO, Pattern: (?:\\+\d{1,3}[ -]?)?(?:\\(\d{1,4}\\)[ -]?)?(?:\d[ -]?){6,15}\d
--------------------------------
--- LoadPolicies at 2026-02-17T15:44:42Z ---
Total policies: 8
ID: 27, Name: Universal API Key Detection, Severity: CRITICAL, Pattern: [a-zA-Z0-9_\\-]{32,}
ID: 74, Name: Universal API Key Detection, Severity: CRITICAL, Pattern: (?i)(?:sk_live_[0-9a-zA-Z]{24,})
ID: 77, Name: Cencurity Code Analysis, Severity: CRITICAL, Pattern: a^
ID: 24, Name: 민감 데이터 탐지, Severity: WARNING, Pattern: (prod|credential|token|secret|password|privatekey|ssh)
ID: 28, Name: MyShop Internal Code, Severity: WARNING, Pattern: MYSHOP_INTERNAL
ID: 83, Name: warning, Severity: WARNING, Pattern: warning
ID: 25, Name: 이메일 마스킹, Severity: INFO, Pattern: [a-zA-Z0-9._%+-]+@[a-zA-Z0-9.-]+\\.[a-zA-Z]{2,}
ID: 26, Name: 전화번호 마스킹, Severity: INFO, Pattern: (?:\\+\d{1,3}[ -]?)?(?:\\(\d{1,4}\\)[ -]?)?(?:\d[ -]?){6,15}\d
--------------------------------
--- LoadPolicies at 2026-02-17T15:44:46Z ---
Total policies: 7
ID: 27, Name: Universal API Key Detection, Severity: CRITICAL, Pattern: [a-zA-Z0-9_\\-]{32,}
ID: 74, Name: Universal API Key Detection, Severity: CRITICAL, Pattern: (?i)(?:sk_live_[0-9a-zA-Z]{24,})
ID: 77, Name: Cencurity Code Analysis, Severity: CRITICAL, Pattern: a^
ID: 24, Name: 민감 데이터 탐지, Severity: WARNING, Pattern: (prod|credential|token|secret|password|privatekey|ssh)
ID: 28, Name: MyShop Internal Code, Severity: WARNING, Pattern: MYSHOP_INTERNAL
ID: 25, Name: 이메일 마스킹, Severity: INFO, Pattern: [a-zA-Z0-9._%+-]+@[a-zA-Z0-9.-]+\\.[a-zA-Z]{2,}
ID: 26, Name: 전화번호 마스킹, Severity: INFO, Pattern: (?:\\+\d{1,3}[ -]?)?(?:\\(\d{1,4}\\)[ -]?)?(?:\d[ -]?){6,15}\d
--------------------------------
--- LoadPolicies at 2026-02-17T15:45:10Z ---
Total policies: 8
ID: 27, Name: Universal API Key Detection, Severity: CRITICAL, Pattern: [a-zA-Z0-9_\\-]{32,}
ID: 74, Name: Universal API Key Detection, Severity: CRITICAL, Pattern: (?i)(?:sk_live_[0-9a-zA-Z]{24,})
ID: 77, Name: Cencurity Code Analysis, Severity: CRITICAL, Pattern: a^
ID: 24, Name: 민감 데이터 탐지, Severity: WARNING, Pattern: (prod|credential|token|secret|password|privatekey|ssh)
ID: 28, Name: MyShop Internal Code, Severity: WARNING, Pattern: MYSHOP_INTERNAL
ID: 84, Name: warning, Severity: WARNING, Pattern: warning_text
ID: 25, Name: 이메일 마스킹, Severity: INFO, Pattern: [a-zA-Z0-9._%+-]+@[a-zA-Z0-9.-]+\\.[a-zA-Z]{2,}
ID: 26, Name: 전화번호 마스킹, Severity: INFO, Pattern: (?:\\+\d{1,3}[ -]?)?(?:\\(\d{1,4}\\)[ -]?)?(?:\d[ -]?){6,15}\d
--------------------------------
--- LoadPolicies at 2026-02-20T08:54:07Z ---
Total policies: 8
ID: 27, Name: Universal API Key Detection, Severity: CRITICAL, Pattern: [a-zA-Z0-9_\\-]{32,}
ID: 74, Name: Universal API Key Detection, Severity: CRITICAL, Pattern: (?i)(?:sk_live_[0-9a-zA-Z]{24,})
ID: 77, Name: Cencurity Code Analysis, Severity: CRITICAL, Pattern: a^
ID: 24, Name: 민감 데이터 탐지, Severity: WARNING, Pattern: (prod|credential|token|secret|password|privatekey|ssh)
ID: 28, Name: MyShop Internal Code, Severity: WARNING, Pattern: MYSHOP_INTERNAL
ID: 84, Name: warning, Severity: WARNING, Pattern: warning_text
ID: 25, Name: 이메일 마스킹, Severity: INFO, Pattern: [a-zA-Z0-9._%+-]+@[a-zA-Z0-9.-]+\\.[a-zA-Z]{2,}
ID: 26, Name: 전화번호 마스킹, Severity: INFO, Pattern: (?:\\+\d{1,3}[ -]?)?(?:\\(\d{1,4}\\)[ -]?)?(?:\d[ -]?){6,15}\d
--------------------------------
